"Cell Type","Sample Name","AHR","AR","ARID3A","ARNT","ARNTL","ASCL2","ATF1","ATF2","ATF3","BACH1","BACH2","BARX2","BATF","BCL11A","BCL6","BHLHE40","CEBPA","CEBPD","CLOCK","CTCF","E2F2","E2F3","E2F4","E2F6","E2F7","E2F8","EBF1","EGR1","EGR2","EHF","ELF1","ELK1","ELK3","ELK4","EPAS1","ESR1","ESR2","ESRRA","ETS2","ETV1","ETV5","ETV6","ETV7","FOS","FOSL1","FOSL2","FOXD2","FOXH1","FOXK1","FOXM1","FOXO3","FOXP1","FOXP2","GATA1","GATA2","GATA3","GATA4","GLI2","GLIS1","GMEB1","GMEB2","GRHL2","GTF2B","GTF2I","HEY1","HIF1A","HINFP","HNF1B","HNF4A","HNF4G","HOXA1","HOXA4","HOXB13","HOXC6","HSF1","HSF2","IRF2","IRF3","IRF4","JUN","JUNB","JUND","KLF1","KLF10","KLF3","KLF9","KMT2A","LHX2","MAF","MAFF","MAFK","MECOM","MEF2A","MEF2C","MEIS1","MITF","MNT","MXI1","MYB","MYBL2","MYC","NANOG","NFAT5","NFATC1","NFE2","NFIC","NFYA","NFYB","NKX2-1","NR2C2","NR2F2","NRF1","PAX5","PAX6","PBX1","PBX3","PGR","POU2F1","POU2F2","PPARG","PRDM1","RARG","RBPJ","RELA","REST","RFX2","RFX5","RUNX1","RUNX2","RUNX3","RXRA","RXRG","SETDB1","SIX5","SMAD3","SP1","SP4","SPDEF","SPI1","SPIB","SREBF1","SRF","STAT1","STAT2","STAT3","STAT4","STAT5A","STAT5B","TBP","TCF12","TCF21","TCF3","TCF4","TCF7L2","TEAD4","TFAP2A","TFAP2C","TFAP4","TFDP1","THAP1","TP63","TP73","USF1","USF2","VDR","VEZF1","XBP1","YY1","ZBTB33","ZBTB7A","ZBTB7B","ZEB1","ZFX","ZKSCAN1","ZNF143","ZNF263","ZNF384","ZNF76"
"M1_Macrophage","P1_2020Oct",0.752808988764045,0.415730337078652,0.410112359550562,0.662921348314607,0.398876404494382,0.0224719101123595,0.404494382022472,0.960674157303371,0.140449438202247,0.735955056179775,0.342696629213483,0.786516853932584,0.573033707865168,0.0730337078651685,0.668539325842697,0.51123595505618,0.646067415730337,0.303370786516854,0.0280898876404494,0.769662921348315,0.196629213483146,0.292134831460674,0.640449438202247,0.758426966292135,0.050561797752809,0.348314606741573,0.438202247191011,0.915730337078652,0.651685393258427,0.949438202247191,0.432584269662921,0.707865168539326,0.0674157303370786,0.0786516853932584,0.617977528089888,0.179775280898876,0.387640449438202,0.219101123595506,0.865168539325843,0.876404494382023,0.146067415730337,0.98876404494382,0.314606741573034,0.926966292134832,0.719101123595506,0.578651685393258,0.426966292134831,0.421348314606742,0.943820224719101,0.0561797752808989,0.337078651685393,0.533707865168539,0.724719101123595,0.455056179775281,0.51685393258427,0.466292134831461,0.359550561797753,0.0449438202247191,0.258426966292135,0.842696629213483,0.0168539325842697,0.168539325842697,0.99438202247191,0.117977528089888,0.241573033707865,0.853932584269663,0.561797752808989,0.49438202247191,0.382022471910112,0.837078651685393,0.820224719101124,0.971910112359551,0.325842696629214,0.567415730337079,0.0955056179775281,0.887640449438202,0.601123595505618,0.713483146067416,0.264044943820225,0.191011235955056,0.48876404494382,1,0.185393258426966,0.595505617977528,0.825842696629214,0.921348314606742,0.353932584269663,0.893258426966292,0.50561797752809,0.235955056179775,0.0617977528089888,0.938202247191011,0.657303370786517,0.589887640449438,0.134831460674157,0.629213483146067,0.162921348314607,0.5,0.0337078651685393,0.151685393258427,0.859550561797753,0.275280898876405,0.331460674157303,0.280898876404494,0.932584269662921,0.247191011235955,0.174157303370787,0.612359550561798,0.00561797752808989,0.112359550561798,0.98314606741573,0.460674157303371,0.286516853932584,0.780898876404494,0.764044943820225,0.308988764044944,0.808988764044944,0.224719101123595,0.370786516853933,0.882022471910112,0.213483146067416,0.528089887640449,0.831460674157303,0.691011235955056,0.674157303370786,0.0898876404494382,0.97752808988764,0.0842696629213483,0.106741573033708,0.48314606741573,0.47752808988764,0.797752808988764,0.230337078651685,0.685393258426966,0.606741573033708,0.775280898876405,0.556179775280899,0.376404494382022,0.955056179775281,0.814606741573034,0.207865168539326,0.157303370786517,0.539325842696629,0.544943820224719,0.910112359550562,0.365168539325843,0.870786516853933,0.848314606741573,0.792134831460674,0.252808988764045,0.129213483146067,0.966292134831461,0.623595505617977,0.634831460674157,0.696629213483146,0.0393258426966292,0.471910112359551,0.0112359550561798,0.101123595505618,0.123595505617978,0.730337078651685,0.393258426966292,0.747191011235955,0.202247191011236,0.803370786516854,0.550561797752809,0.741573033707865,0.904494382022472,0.449438202247191,0.443820224719101,0.584269662921348,0.679775280898876,0.702247191011236,0.320224719101124,0.269662921348315,0.297752808988764,0.898876404494382,0.52247191011236
"M1_Macrophage","P2_2021Mar",0.51685393258427,0.460674157303371,0.713483146067416,0.393258426966292,0.387640449438202,0.0112359550561798,0.52247191011236,0.949438202247191,0.0224719101123595,0.359550561797753,0.685393258426966,0.325842696629214,0.775280898876405,0.168539325842697,0.674157303370786,0.573033707865168,0.651685393258427,0.348314606741573,0.331460674157303,0.342696629213483,0.398876404494382,0.241573033707865,0.578651685393258,0.893258426966292,0.0617977528089888,0.747191011235955,0.235955056179775,0.415730337078652,0.629213483146067,0.915730337078652,0.185393258426966,0.49438202247191,0.129213483146067,0.730337078651685,0.589887640449438,0.606741573033708,0.157303370786517,0.179775280898876,0.702247191011236,0.97752808988764,0.47752808988764,0.842696629213483,0.314606741573034,0.696629213483146,0.657303370786517,0.48876404494382,0.735955056179775,0.101123595505618,0.679775280898876,0.0786516853932584,0.219101123595506,0.780898876404494,0.174157303370787,0.466292134831461,0.421348314606742,0.213483146067416,0.0561797752808989,0.286516853932584,0.196629213483146,0.550561797752809,0.0449438202247191,0.106741573033708,0.932584269662921,0.264044943820225,0.117977528089888,0.904494382022472,0.646067415730337,0.831460674157303,0.230337078651685,0.898876404494382,0.876404494382023,0.98876404494382,0.51123595505618,0.595505617977528,0.376404494382022,0.365168539325843,0.539325842696629,0.758426966292135,0.404494382022472,0.337078651685393,0.853932584269663,1,0.123595505617978,0.792134831460674,0.691011235955056,0.938202247191011,0.0337078651685393,0.640449438202247,0.134831460674157,0.202247191011236,0.191011235955056,0.943820224719101,0.814606741573034,0.0393258426966292,0.140449438202247,0.623595505617977,0.544943820224719,0.561797752808989,0.00561797752808989,0.707865168539326,0.865168539325843,0.601123595505618,0.0898876404494382,0.617977528089888,0.887640449438202,0.0730337078651685,0.410112359550562,0.455056179775281,0.146067415730337,0.0842696629213483,0.741573033707865,0.247191011235955,0.252808988764045,0.820224719101124,0.449438202247191,0.162921348314607,0.634831460674157,0.870786516853933,0.151685393258427,0.971910112359551,0.280898876404494,0.719101123595506,0.882022471910112,0.668539325842697,0.556179775280899,0.382022471910112,0.99438202247191,0.0955056179775281,0.258426966292135,0.612359550561798,0.224719101123595,0.960674157303371,0.808988764044944,0.966292134831461,0.370786516853933,0.825842696629214,0.5,0.803370786516854,0.752808988764045,0.921348314606742,0.0674157303370786,0.292134831460674,0.112359550561798,0.955056179775281,0.567415730337079,0.0280898876404494,0.848314606741573,0.724719101123595,0.797752808988764,0.426966292134831,0.050561797752809,0.98314606741573,0.320224719101124,0.764044943820225,0.837078651685393,0.303370786516854,0.533707865168539,0.769662921348315,0.50561797752809,0.0168539325842697,0.297752808988764,0.275280898876405,0.859550561797753,0.438202247191011,0.528089887640449,0.926966292134832,0.584269662921348,0.910112359550562,0.443820224719101,0.48314606741573,0.308988764044944,0.353932584269663,0.786516853932584,0.662921348314607,0.207865168539326,0.432584269662921,0.471910112359551,0.269662921348315
"M1_Macrophage","P3_2023Jan",0.629213483146067,0.387640449438202,0.320224719101124,0.438202247191011,0.393258426966292,0.196629213483146,0.865168539325843,0.971910112359551,0.117977528089888,0.769662921348315,0.49438202247191,0.747191011235955,0.831460674157303,0.359550561797753,0.735955056179775,0.50561797752809,0.949438202247191,0.724719101123595,0.0617977528089888,0.842696629213483,0.123595505617978,0.376404494382022,0.859550561797753,0.668539325842697,0.0224719101123595,0.325842696629214,0.786516853932584,0.589887640449438,0.415730337078652,0.966292134831461,0.0168539325842697,0.932584269662921,0.48314606741573,0.617977528089888,0.191011235955056,0.398876404494382,0.348314606741573,0.0674157303370786,0.455056179775281,0.533707865168539,0.202247191011236,0.98314606741573,0.314606741573034,0.662921348314607,0.601123595505618,0.51685393258427,0.443820224719101,0.0561797752808989,0.870786516853933,0.00561797752808989,0.432584269662921,0.573033707865168,0.657303370786517,0.0955056179775281,0.803370786516854,0.297752808988764,0.140449438202247,0.264044943820225,0.52247191011236,0.612359550561798,0.0337078651685393,0.0730337078651685,0.97752808988764,0.151685393258427,0.544943820224719,0.674157303370786,0.213483146067416,0.797752808988764,0.365168539325843,0.679775280898876,0.713483146067416,0.99438202247191,0.466292134831461,0.764044943820225,0.269662921348315,0.876404494382023,0.280898876404494,0.449438202247191,0.471910112359551,0.634831460674157,0.702247191011236,1,0.792134831460674,0.275280898876405,0.758426966292135,0.853932584269663,0.112359550561798,0.5,0.404494382022472,0.0786516853932584,0.174157303370787,0.893258426966292,0.241573033707865,0.640449438202247,0.51123595505618,0.342696629213483,0.101123595505618,0.353932584269663,0.539325842696629,0.0280898876404494,0.926966292134832,0.938202247191011,0.303370786516854,0.382022471910112,0.955056179775281,0.224719101123595,0.179775280898876,0.584269662921348,0.050561797752809,0.48876404494382,0.98876404494382,0.134831460674157,0.185393258426966,0.837078651685393,0.235955056179775,0.460674157303371,0.775280898876405,0.646067415730337,0.219101123595506,0.960674157303371,0.247191011235955,0.578651685393258,0.528089887640449,0.623595505617977,0.814606741573034,0.106741573033708,0.825842696629214,0.162921348314607,0.0842696629213483,0.337078651685393,0.0898876404494382,0.780898876404494,0.252808988764045,0.741573033707865,0.752808988764045,0.921348314606742,0.685393258426966,0.561797752808989,0.696629213483146,0.550561797752809,0.129213483146067,0.146067415730337,0.898876404494382,0.292134831460674,0.887640449438202,0.719101123595506,0.820224719101124,0.730337078651685,0.606741573033708,0.410112359550562,0.0449438202247191,0.882022471910112,0.567415730337079,0.915730337078652,0.47752808988764,0.230337078651685,0.808988764044944,0.157303370786517,0.308988764044944,0.0112359550561798,0.651685393258427,0.207865168539326,0.691011235955056,0.421348314606742,0.370786516853933,0.910112359550562,0.556179775280899,0.943820224719101,0.258426966292135,0.848314606741573,0.595505617977528,0.904494382022472,0.707865168539326,0.426966292134831,0.168539325842697,0.0393258426966292,0.331460674157303,0.286516853932584
"CD4Tcell","P1_2020Oct",0.303370786516854,0.106741573033708,0.264044943820225,0.747191011235955,0.348314606741573,0.269662921348315,0.157303370786517,0.910112359550562,0.0449438202247191,0.51123595505618,0.674157303370786,0.623595505617977,0.258426966292135,0.724719101123595,0.926966292134832,0.786516853932584,0.556179775280899,0.0730337078651685,0.646067415730337,0.764044943820225,0.179775280898876,0.101123595505618,0.820224719101124,0.52247191011236,0.5,0.432584269662921,0.932584269662921,0.837078651685393,0.589887640449438,0.853932584269663,0.0280898876404494,0.685393258426966,0.0168539325842697,0.713483146067416,0.573033707865168,0.219101123595506,0.601123595505618,0.213483146067416,0.98876404494382,0.320224719101124,0.769662921348315,0.943820224719101,0.460674157303371,0.99438202247191,0.49438202247191,0.0898876404494382,0.185393258426966,0.691011235955056,0.949438202247191,0.376404494382022,0.207865168539326,0.808988764044944,0.662921348314607,0.117977528089888,0.752808988764045,0.393258426966292,0.578651685393258,0.129213483146067,0.51685393258427,0.730337078651685,0.370786516853933,0.792134831460674,0.98314606741573,0.0224719101123595,0.365168539325843,0.140449438202247,0.859550561797753,0.331460674157303,0.134831460674157,0.224719101123595,0.882022471910112,0.915730337078652,0.561797752808989,0.387640449438202,0.174157303370787,0.803370786516854,0.410112359550562,0.898876404494382,0.337078651685393,0.971910112359551,0.196629213483146,1,0.0561797752808989,0.426966292134831,0.921348314606742,0.123595505617978,0.0842696629213483,0.696629213483146,0.606741573033708,0.202247191011236,0.050561797752809,0.848314606741573,0.617977528089888,0.842696629213483,0.0786516853932584,0.657303370786517,0.0955056179775281,0.00561797752808989,0.544943820224719,0.308988764044944,0.719101123595506,0.702247191011236,0.286516853932584,0.533707865168539,0.0393258426966292,0.0337078651685393,0.0617977528089888,0.382022471910112,0.241573033707865,0.359550561797753,0.539325842696629,0.292134831460674,0.870786516853933,0.775280898876405,0.275280898876405,0.966292134831461,0.797752808988764,0.404494382022472,0.466292134831461,0.421348314606742,0.191011235955056,0.252808988764045,0.876404494382023,0.904494382022472,0.831460674157303,0.449438202247191,0.668539325842697,0.230337078651685,0.651685393258427,0.634831460674157,0.314606741573034,0.960674157303371,0.280898876404494,0.735955056179775,0.247191011235955,0.353932584269663,0.780898876404494,0.168539325842697,0.707865168539326,0.162921348314607,0.112359550561798,0.528089887640449,0.629213483146067,0.595505617977528,0.955056179775281,0.398876404494382,0.640449438202247,0.415730337078652,0.938202247191011,0.48876404494382,0.438202247191011,0.97752808988764,0.297752808988764,0.865168539325843,0.758426966292135,0.342696629213483,0.825842696629214,0.0674157303370786,0.455056179775281,0.325842696629214,0.679775280898876,0.151685393258427,0.741573033707865,0.471910112359551,0.612359550561798,0.550561797752809,0.584269662921348,0.893258426966292,0.887640449438202,0.567415730337079,0.48314606741573,0.50561797752809,0.814606741573034,0.47752808988764,0.235955056179775,0.0112359550561798,0.443820224719101,0.146067415730337
"CD4Tcell","P2_2021Mar",0.702247191011236,0.207865168539326,0.421348314606742,0.252808988764045,0.247191011235955,0.320224719101124,0.168539325842697,0.932584269662921,0.162921348314607,0.719101123595506,0.213483146067416,0.415730337078652,0.696629213483146,0.185393258426966,0.741573033707865,0.814606741573034,0.0280898876404494,0.0955056179775281,0.0168539325842697,0.376404494382022,0.117977528089888,0.438202247191011,0.224719101123595,0.0561797752808989,0.264044943820225,0.752808988764045,0.98314606741573,0.51685393258427,0.353932584269663,0.966292134831461,0.303370786516854,0.382022471910112,0.00561797752808989,0.674157303370786,0.308988764044944,0.196629213483146,0.404494382022472,0.050561797752809,0.949438202247191,0.921348314606742,0.286516853932584,1,0.471910112359551,0.825842696629214,0.0674157303370786,0.0112359550561798,0.640449438202247,0.691011235955056,0.876404494382023,0.48876404494382,0.0449438202247191,0.151685393258427,0.820224719101124,0.241573033707865,0.735955056179775,0.292134831460674,0.49438202247191,0.724719101123595,0.47752808988764,0.280898876404494,0.657303370786517,0.269662921348315,0.97752808988764,0.134831460674157,0.443820224719101,0.679775280898876,0.634831460674157,0.0842696629213483,0.202247191011236,0.601123595505618,0.629213483146067,0.882022471910112,0.219101123595506,0.258426966292135,0.191011235955056,0.780898876404494,0.786516853932584,0.528089887640449,0.544943820224719,0.595505617977528,0.455056179775281,0.99438202247191,0.556179775280899,0.370786516853933,0.51123595505618,0.140449438202247,0.0337078651685393,0.848314606741573,0.865168539325843,0.179775280898876,0.146067415730337,0.837078651685393,0.48314606741573,0.943820224719101,0.314606741573034,0.112359550561798,0.325842696629214,0.685393258426966,0.101123595505618,0.174157303370787,0.758426966292135,0.915730337078652,0.561797752808989,0.567415730337079,0.393258426966292,0.775280898876405,0.792134831460674,0.0730337078651685,0.606741573033708,0.230337078651685,0.960674157303371,0.898876404494382,0.449438202247191,0.707865168539326,0.331460674157303,0.410112359550562,0.853932584269663,0.651685393258427,0.342696629213483,0.432584269662921,0.348314606741573,0.0898876404494382,0.612359550561798,0.797752808988764,0.584269662921348,0.365168539325843,0.573033707865168,0.0224719101123595,0.297752808988764,0.0786516853932584,0.460674157303371,0.926966292134832,0.730337078651685,0.578651685393258,0.870786516853933,0.550561797752809,0.831460674157303,0.275280898876405,0.938202247191011,0.398876404494382,0.904494382022472,0.235955056179775,0.533707865168539,0.646067415730337,0.764044943820225,0.617977528089888,0.426966292134831,0.893258426966292,0.859550561797753,0.910112359550562,0.769662921348315,0.98876404494382,0.842696629213483,0.662921348314607,0.713483146067416,0.106741573033708,0.971910112359551,0.0617977528089888,0.359550561797753,0.0393258426966292,0.955056179775281,0.387640449438202,0.887640449438202,0.747191011235955,0.466292134831461,0.50561797752809,0.5,0.803370786516854,0.52247191011236,0.808988764044944,0.668539325842697,0.157303370786517,0.589887640449438,0.623595505617977,0.337078651685393,0.129213483146067,0.539325842696629,0.123595505617978
"CD4Tcell","P3_2023Jan",0.713483146067416,0.0955056179775281,0.303370786516854,0.449438202247191,0.50561797752809,0.275280898876405,0.612359550561798,0.842696629213483,0.0617977528089888,0.848314606741573,0.191011235955056,0.780898876404494,0.196629213483146,0.415730337078652,0.820224719101124,0.567415730337079,0.0280898876404494,0.410112359550562,0.162921348314607,0.662921348314607,0.0112359550561798,0.101123595505618,0.370786516853933,0.471910112359551,0.0730337078651685,0.606741573033708,0.949438202247191,0.359550561797753,0.297752808988764,0.769662921348315,0.129213483146067,0.837078651685393,0.0561797752808989,0.797752808988764,0.146067415730337,0.00561797752808989,0.786516853932584,0.050561797752809,0.887640449438202,0.550561797752809,0.528089887640449,0.99438202247191,0.286516853932584,0.730337078651685,0.365168539325843,0.174157303370787,0.0842696629213483,0.764044943820225,0.955056179775281,0.47752808988764,0.117977528089888,0.651685393258427,0.831460674157303,0.51123595505618,0.752808988764045,0.629213483146067,0.376404494382022,0.48876404494382,0.443820224719101,0.808988764044944,0.0898876404494382,0.404494382022472,0.98876404494382,0.0449438202247191,0.634831460674157,0.735955056179775,0.893258426966292,0.314606741573034,0.213483146067416,0.578651685393258,0.865168539325843,0.960674157303371,0.258426966292135,0.775280898876405,0.331460674157303,0.679775280898876,0.915730337078652,0.898876404494382,0.0786516853932584,0.938202247191011,0.685393258426966,1,0.0337078651685393,0.556179775280899,0.921348314606742,0.589887640449438,0.247191011235955,0.926966292134832,0.724719101123595,0.0674157303370786,0.814606741573034,0.876404494382023,0.640449438202247,0.646067415730337,0.106741573033708,0.573033707865168,0.382022471910112,0.0224719101123595,0.112359550561798,0.342696629213483,0.853932584269663,0.595505617977528,0.387640449438202,0.617977528089888,0.241573033707865,0.325842696629214,0.292134831460674,0.51685393258427,0.308988764044944,0.219101123595506,0.264044943820225,0.157303370786517,0.825842696629214,0.438202247191011,0.269662921348315,0.859550561797753,0.904494382022472,0.179775280898876,0.49438202247191,0.432584269662921,0.5,0.623595505617977,0.455056179775281,0.758426966292135,0.870786516853933,0.792134831460674,0.966292134831461,0.393258426966292,0.235955056179775,0.943820224719101,0.466292134831461,0.702247191011236,0.561797752808989,0.803370786516854,0.207865168539326,0.185393258426966,0.882022471910112,0.140449438202247,0.584269662921348,0.539325842696629,0.421348314606742,0.52247191011236,0.460674157303371,0.601123595505618,0.932584269662921,0.337078651685393,0.707865168539326,0.544943820224719,0.348314606741573,0.97752808988764,0.123595505617978,0.98314606741573,0.353932584269663,0.48314606741573,0.719101123595506,0.134831460674157,0.971910112359551,0.533707865168539,0.668539325842697,0.151685393258427,0.224719101123595,0.747191011235955,0.910112359550562,0.202247191011236,0.320224719101124,0.696629213483146,0.741573033707865,0.657303370786517,0.691011235955056,0.674157303370786,0.426966292134831,0.230337078651685,0.398876404494382,0.280898876404494,0.252808988764045,0.168539325842697,0.0393258426966292,0.0168539325842697
"Bcell","P1_2020Oct",0.471910112359551,0.528089887640449,0.707865168539326,0.174157303370787,0.264044943820225,0.247191011235955,0.831460674157303,0.797752808988764,0.252808988764045,0.280898876404494,0.202247191011236,0.286516853932584,0.314606741573034,0.634831460674157,0.533707865168539,0.623595505617977,0.449438202247191,0.0730337078651685,0.617977528089888,0.943820224719101,0.179775280898876,0.837078651685393,0.224719101123595,0.702247191011236,0.544943820224719,0.191011235955056,0.769662921348315,0.780898876404494,0.921348314606742,0.679775280898876,0.146067415730337,0.926966292134832,0.230337078651685,0.51123595505618,0.123595505617978,0.129213483146067,0.657303370786517,0.320224719101124,0.904494382022472,0.0786516853932584,0.353932584269663,1,0.578651685393258,0.865168539325843,0.719101123595506,0.741573033707865,0.404494382022472,0.98876404494382,0.219101123595506,0.887640449438202,0.106741573033708,0.870786516853933,0.898876404494382,0.398876404494382,0.752808988764045,0.162921348314607,0.342696629213483,0.185393258426966,0.50561797752809,0.47752808988764,0.207865168539326,0.51685393258427,0.98314606741573,0.348314606741573,0.0168539325842697,0.331460674157303,0.0955056179775281,0.758426966292135,0.455056179775281,0.567415730337079,0.803370786516854,0.241573033707865,0.932584269662921,0.168539325842697,0.735955056179775,0.910112359550562,0.882022471910112,0.825842696629214,0.550561797752809,0.387640449438202,0.382022471910112,0.99438202247191,0.0617977528089888,0.966292134831461,0.808988764044944,0.410112359550562,0.0393258426966292,0.48314606741573,0.668539325842697,0.292134831460674,0.325842696629214,0.117977528089888,0.876404494382023,0.971910112359551,0.612359550561798,0.421348314606742,0.0674157303370786,0.466292134831461,0.157303370786517,0.561797752808989,0.842696629213483,0.573033707865168,0.556179775280899,0.196629213483146,0.48876404494382,0.853932584269663,0.730337078651685,0.775280898876405,0.820224719101124,0.0449438202247191,0.646067415730337,0.0337078651685393,0.606741573033708,0.376404494382022,0.432584269662921,0.893258426966292,0.685393258426966,0.140449438202247,0.949438202247191,0.595505617977528,0.696629213483146,0.393258426966292,0.365168539325843,0.955056179775281,0.308988764044944,0.151685393258427,0.960674157303371,0.0112359550561798,0.112359550561798,0.589887640449438,0.52247191011236,0.269662921348315,0.859550561797753,0.303370786516854,0.275280898876405,0.674157303370786,0.814606741573034,0.00561797752808989,0.584269662921348,0.460674157303371,0.235955056179775,0.713483146067416,0.97752808988764,0.426966292134831,0.49438202247191,0.134831460674157,0.792134831460674,0.0842696629213483,0.337078651685393,0.629213483146067,0.0280898876404494,0.848314606741573,0.101123595505618,0.691011235955056,0.050561797752809,0.601123595505618,0.539325842696629,0.297752808988764,0.0898876404494382,0.662921348314607,0.438202247191011,0.258426966292135,0.747191011235955,0.915730337078652,0.443820224719101,0.370786516853933,0.938202247191011,0.651685393258427,0.786516853932584,0.764044943820225,0.415730337078652,0.640449438202247,0.5,0.213483146067416,0.0561797752808989,0.359550561797753,0.724719101123595,0.0224719101123595
"Bcell","P3_2023Jan",0.561797752808989,0.0898876404494382,0.123595505617978,0.938202247191011,0.792134831460674,0.584269662921348,0.48314606741573,1,0.837078651685393,0.943820224719101,0.325842696629214,0.47752808988764,0.578651685393258,0.5,0.550561797752809,0.51685393258427,0.0393258426966292,0.258426966292135,0.455056179775281,0.752808988764045,0.0674157303370786,0.0224719101123595,0.050561797752809,0.960674157303371,0.207865168539326,0.859550561797753,0.764044943820225,0.99438202247191,0.966292134831461,0.460674157303371,0.0112359550561798,0.679775280898876,0.241573033707865,0.668539325842697,0.117977528089888,0.292134831460674,0.719101123595506,0.252808988764045,0.825842696629214,0.202247191011236,0.0786516853932584,0.926966292134832,0.398876404494382,0.49438202247191,0.893258426966292,0.97752808988764,0.337078651685393,0.393258426966292,0.230337078651685,0.308988764044944,0.685393258426966,0.617977528089888,0.303370786516854,0.831460674157303,0.612359550561798,0.98876404494382,0.00561797752808989,0.410112359550562,0.466292134831461,0.775280898876405,0.747191011235955,0.657303370786517,0.921348314606742,0.129213483146067,0.651685393258427,0.443820224719101,0.331460674157303,0.174157303370787,0.134831460674157,0.539325842696629,0.808988764044944,0.707865168539326,0.471910112359551,0.820224719101124,0.191011235955056,0.949438202247191,0.106741573033708,0.853932584269663,0.320224719101124,0.898876404494382,0.438202247191011,0.432584269662921,0.0168539325842697,0.741573033707865,0.224719101123595,0.342696629213483,0.404494382022472,0.646067415730337,0.0337078651685393,0.219101123595506,0.365168539325843,0.724719101123595,0.196629213483146,0.382022471910112,0.662921348314607,0.803370786516854,0.348314606741573,0.955056179775281,0.674157303370786,0.235955056179775,0.842696629213483,0.50561797752809,0.769662921348315,0.797752808988764,0.623595505617977,0.213483146067416,0.870786516853933,0.601123595505618,0.297752808988764,0.168539325842697,0.904494382022472,0.157303370786517,0.0561797752808989,0.814606741573034,0.286516853932584,0.696629213483146,0.98314606741573,0.589887640449438,0.162921348314607,0.786516853932584,0.0730337078651685,0.359550561797753,0.51123595505618,0.887640449438202,0.52247191011236,0.629213483146067,0.533707865168539,0.101123595505618,0.544943820224719,0.971910112359551,0.691011235955056,0.140449438202247,0.264044943820225,0.247191011235955,0.426966292134831,0.702247191011236,0.735955056179775,0.280898876404494,0.758426966292135,0.713483146067416,0.387640449438202,0.528089887640449,0.876404494382023,0.882022471910112,0.449438202247191,0.848314606741573,0.556179775280899,0.0449438202247191,0.0280898876404494,0.275280898876405,0.179775280898876,0.0842696629213483,0.780898876404494,0.915730337078652,0.595505617977528,0.151685393258427,0.376404494382022,0.314606741573034,0.573033707865168,0.865168539325843,0.606741573033708,0.146067415730337,0.353932584269663,0.932584269662921,0.185393258426966,0.421348314606742,0.112359550561798,0.48876404494382,0.910112359550562,0.730337078651685,0.370786516853933,0.269662921348315,0.0955056179775281,0.567415730337079,0.634831460674157,0.415730337078652,0.640449438202247,0.0617977528089888
"Malignant_epithelial","P1_2020Oct",0.393258426966292,0.410112359550562,0.202247191011236,0.5,0.0112359550561798,0.314606741573034,0.219101123595506,0.98314606741573,0.0393258426966292,0.0898876404494382,0.376404494382022,0.646067415730337,0.679775280898876,0.117977528089888,0.724719101123595,0.297752808988764,0.595505617977528,0.342696629213483,0.567415730337079,0.0786516853932584,0.0730337078651685,0.0337078651685393,0.348314606741573,0.97752808988764,0.48314606741573,0.662921348314607,0.617977528089888,0.741573033707865,0.415730337078652,0.584269662921348,0.0168539325842697,0.915730337078652,0.668539325842697,0.853932584269663,0.702247191011236,0.0224719101123595,0.730337078651685,0.112359550561798,0.966292134831461,0.303370786516854,0.820224719101124,0.98876404494382,0.387640449438202,0.780898876404494,0.0842696629213483,0.258426966292135,0.550561797752809,0.713483146067416,0.769662921348315,0.471910112359551,0.157303370786517,0.51123595505618,0.747191011235955,0.134831460674157,0.814606741573034,0.050561797752809,0.382022471910112,0.674157303370786,0.174157303370787,0.792134831460674,0.280898876404494,0.179775280898876,0.99438202247191,0.129213483146067,0.0280898876404494,0.421348314606742,0.691011235955056,0.286516853932584,0.365168539325843,0.623595505617977,0.848314606741573,0.955056179775281,0.191011235955056,0.426966292134831,0.606741573033708,0.898876404494382,0.685393258426966,0.719101123595506,0.0561797752808989,0.50561797752809,0.882022471910112,1,0.101123595505618,0.859550561797753,0.758426966292135,0.904494382022472,0.123595505617978,0.528089887640449,0.106741573033708,0.707865168539326,0.168539325842697,0.943820224719101,0.870786516853933,0.359550561797753,0.252808988764045,0.808988764044944,0.556179775280899,0.0955056179775281,0.275280898876405,0.696629213483146,0.398876404494382,0.561797752808989,0.803370786516854,0.213483146067416,0.438202247191011,0.629213483146067,0.533707865168539,0.264044943820225,0.0674157303370786,0.235955056179775,0.926966292134832,0.48876404494382,0.47752808988764,0.573033707865168,0.353932584269663,0.938202247191011,0.921348314606742,0.797752808988764,0.0617977528089888,0.140449438202247,0.842696629213483,0.51685393258427,0.370786516853933,0.764044943820225,0.308988764044944,0.162921348314607,0.837078651685393,0.207865168539326,0.455056179775281,0.865168539325843,0.634831460674157,0.887640449438202,0.224719101123595,0.432584269662921,0.578651685393258,0.544943820224719,0.196629213483146,0.640449438202247,0.910112359550562,0.932584269662921,0.247191011235955,0.230337078651685,0.269662921348315,0.752808988764045,0.52247191011236,0.589887640449438,0.651685393258427,0.460674157303371,0.657303370786517,0.971910112359551,0.443820224719101,0.949438202247191,0.960674157303371,0.146067415730337,0.876404494382023,0.466292134831461,0.320224719101124,0.185393258426966,0.0449438202247191,0.539325842696629,0.325842696629214,0.331460674157303,0.241573033707865,0.786516853932584,0.337078651685393,0.831460674157303,0.825842696629214,0.49438202247191,0.404494382022472,0.612359550561798,0.775280898876405,0.151685393258427,0.601123595505618,0.292134831460674,0.893258426966292,0.449438202247191,0.00561797752808989,0.735955056179775
"Malignant_epithelial","P2_2021Mar",0.449438202247191,0.219101123595506,0.314606741573034,0.286516853932584,0.595505617977528,0.758426966292135,0.140449438202247,0.926966292134832,0.112359550561798,0.348314606741573,0.0280898876404494,0.303370786516854,0.50561797752809,0.0224719101123595,0.764044943820225,0.224719101123595,0.247191011235955,0.129213483146067,0.050561797752809,0.831460674157303,0.0786516853932584,0.241573033707865,0.191011235955056,0.853932584269663,0.230337078651685,0.443820224719101,0.882022471910112,0.893258426966292,0.320224719101124,0.910112359550562,0.0168539325842697,0.842696629213483,0.426966292134831,0.724719101123595,0.865168539325843,0.528089887640449,0.415730337078652,0.0449438202247191,0.943820224719101,0.713483146067416,0.876404494382023,0.98876404494382,0.623595505617977,0.410112359550562,0.179775280898876,0.235955056179775,0.769662921348315,0.668539325842697,0.589887640449438,0.5,0.421348314606742,0.0337078651685393,0.651685393258427,0.646067415730337,0.640449438202247,0.117977528089888,0.561797752808989,0.359550561797753,0.657303370786517,0.719101123595506,0.370786516853933,0.365168539325843,0.97752808988764,0.0842696629213483,0.174157303370787,0.629213483146067,0.786516853932584,0.432584269662921,0.803370786516854,0.134831460674157,0.612359550561798,0.887640449438202,0.275280898876405,0.47752808988764,0.696629213483146,0.752808988764045,0.466292134831461,0.898876404494382,0.280898876404494,0.797752808988764,0.578651685393258,1,0.185393258426966,0.601123595505618,0.685393258426966,0.382022471910112,0.308988764044944,0.48314606741573,0.780898876404494,0.325842696629214,0.51685393258427,0.971910112359551,0.702247191011236,0.404494382022472,0.387640449438202,0.393258426966292,0.269662921348315,0.106741573033708,0.0674157303370786,0.331460674157303,0.932584269662921,0.123595505617978,0.471910112359551,0.207865168539326,0.157303370786517,0.792134831460674,0.258426966292135,0.662921348314607,0.297752808988764,0.741573033707865,0.98314606741573,0.0112359550561798,0.252808988764045,0.747191011235955,0.0393258426966292,0.814606741573034,0.775280898876405,0.48876404494382,0.353932584269663,0.606741573033708,0.617977528089888,0.544943820224719,0.808988764044944,0.730337078651685,0.455056179775281,0.213483146067416,0.938202247191011,0.151685393258427,0.146067415730337,0.51123595505618,0.196629213483146,0.949438202247191,0.337078651685393,0.49438202247191,0.825842696629214,0.735955056179775,0.0730337078651685,0.376404494382022,0.99438202247191,0.567415730337079,0.556179775280899,0.0617977528089888,0.292134831460674,0.966292134831461,0.820224719101124,0.00561797752808989,0.584269662921348,0.0955056179775281,0.955056179775281,0.707865168539326,0.162921348314607,0.960674157303371,0.848314606741573,0.342696629213483,0.859550561797753,0.634831460674157,0.101123595505618,0.539325842696629,0.0898876404494382,0.398876404494382,0.168539325842697,0.202247191011236,0.674157303370786,0.837078651685393,0.679775280898876,0.460674157303371,0.921348314606742,0.573033707865168,0.52247191011236,0.904494382022472,0.915730337078652,0.870786516853933,0.438202247191011,0.264044943820225,0.550561797752809,0.0561797752808989,0.533707865168539,0.691011235955056
"M2_Macrophage","P1_2020Oct",0.926966292134832,0.241573033707865,0.747191011235955,0.887640449438202,0.224719101123595,0.528089887640449,0.219101123595506,0.314606741573034,0.269662921348315,0.724719101123595,0.5,0.651685393258427,0.938202247191011,0.842696629213483,0.48876404494382,0.168539325842697,0.797752808988764,0.870786516853933,0.0112359550561798,0.252808988764045,0.578651685393258,0.539325842696629,0.280898876404494,0.443820224719101,0.50561797752809,0.646067415730337,0.921348314606742,0.325842696629214,0.292134831460674,0.949438202247191,0.668539325842697,0.859550561797753,0.0842696629213483,0.174157303370787,0.123595505617978,0.49438202247191,0.0674157303370786,0.561797752808989,0.955056179775281,0.752808988764045,0.370786516853933,0.932584269662921,0.342696629213483,0.865168539325843,0.247191011235955,0.117977528089888,0.629213483146067,0.438202247191011,0.573033707865168,0.387640449438202,0.730337078651685,0.348314606741573,0.140449438202247,0.353932584269663,0.466292134831461,0.0730337078651685,0.48314606741573,0.0449438202247191,0.191011235955056,0.297752808988764,0.393258426966292,0.0561797752808989,0.820224719101124,0.112359550561798,0.0955056179775281,0.606741573033708,0.640449438202247,0.735955056179775,0.415730337078652,0.404494382022472,0.612359550561798,0.97752808988764,0.769662921348315,0.51123595505618,0.679775280898876,0.786516853932584,0.893258426966292,0.376404494382022,0.792134831460674,0.0280898876404494,0.359550561797753,0.99438202247191,0.460674157303371,0.471910112359551,0.533707865168539,0.966292134831461,0.47752808988764,0.432584269662921,0.601123595505618,0.129213483146067,0.960674157303371,0.831460674157303,0.775280898876405,0.0898876404494382,0.674157303370786,0.410112359550562,0.544943820224719,0.589887640449438,0.0224719101123595,0.365168539325843,0.719101123595506,0.455056179775281,0.898876404494382,0.780898876404494,0.207865168539326,0.449438202247191,0.702247191011236,0.837078651685393,0.52247191011236,0.101123595505618,0.876404494382023,0.662921348314607,0.185393258426966,0.51685393258427,0.213483146067416,0.235955056179775,0.943820224719101,0.691011235955056,0.308988764044944,0.685393258426966,0.050561797752809,0.196629213483146,0.331460674157303,0.556179775280899,0.904494382022472,0.657303370786517,0.595505617977528,0.230337078651685,0.286516853932584,0.426966292134831,0.162921348314607,0.882022471910112,0.971910112359551,0.617977528089888,0.303370786516854,0.584269662921348,0.713483146067416,0.696629213483146,0.98314606741573,0.910112359550562,0.0617977528089888,0.134831460674157,0.151685393258427,0.179775280898876,0.741573033707865,0.550561797752809,0.0393258426966292,0.707865168539326,0.320224719101124,0.421348314606742,0.106741573033708,1,0.275280898876405,0.0337078651685393,0.146067415730337,0.623595505617977,0.98876404494382,0.0168539325842697,0.808988764044944,0.382022471910112,0.567415730337079,0.764044943820225,0.853932584269663,0.157303370786517,0.337078651685393,0.803370786516854,0.848314606741573,0.825842696629214,0.758426966292135,0.915730337078652,0.0786516853932584,0.398876404494382,0.202247191011236,0.634831460674157,0.264044943820225,0.00561797752808989,0.814606741573034,0.258426966292135
"M2_Macrophage","P3_2023Jan",0.382022471910112,0.0617977528089888,0.134831460674157,0.803370786516854,0.230337078651685,0.112359550561798,0.814606741573034,0.679775280898876,0.235955056179775,0.0842696629213483,0.533707865168539,0.0561797752808989,0.876404494382023,0.47752808988764,0.5,0.612359550561798,0.629213483146067,0.573033707865168,0.213483146067416,0.48314606741573,0.174157303370787,0.449438202247191,0.758426966292135,0.870786516853933,0.539325842696629,0.921348314606742,0.724719101123595,0.662921348314607,0.191011235955056,0.97752808988764,0.595505617977528,0.601123595505618,0.685393258426966,0.544943820224719,0.955056179775281,0.117977528089888,0.528089887640449,0.455056179775281,0.747191011235955,0.837078651685393,0.674157303370786,0.882022471910112,0.303370786516854,0.775280898876405,0.314606741573034,0.471910112359551,0.438202247191011,0.00561797752808989,0.48876404494382,0.275280898876405,0.292134831460674,0.224719101123595,0.634831460674157,0.247191011235955,0.342696629213483,0.101123595505618,0.050561797752809,0.0955056179775281,0.808988764044944,0.129213483146067,0.0112359550561798,0.202247191011236,0.99438202247191,0.286516853932584,0.825842696629214,0.949438202247191,0.348314606741573,0.786516853932584,0.561797752808989,0.331460674157303,0.258426966292135,0.98876404494382,0.657303370786517,0.623595505617977,0.971910112359551,0.98314606741573,0.308988764044944,0.376404494382022,0.960674157303371,0.584269662921348,0.426966292134831,1,0.179775280898876,0.713483146067416,0.910112359550562,0.567415730337079,0.0898876404494382,0.123595505617978,0.938202247191011,0.51123595505618,0.0280898876404494,0.932584269662921,0.0224719101123595,0.0730337078651685,0.651685393258427,0.241573033707865,0.0168539325842697,0.370786516853933,0.393258426966292,0.140449438202247,0.646067415730337,0.606741573033708,0.842696629213483,0.859550561797753,0.264044943820225,0.898876404494382,0.353932584269663,0.359550561797753,0.0449438202247191,0.320224719101124,0.691011235955056,0.146067415730337,0.865168539325843,0.51685393258427,0.432584269662921,0.207865168539326,0.926966292134832,0.269662921348315,0.106741573033708,0.915730337078652,0.589887640449438,0.893258426966292,0.280898876404494,0.769662921348315,0.0674157303370786,0.162921348314607,0.904494382022472,0.185393258426966,0.0393258426966292,0.578651685393258,0.752808988764045,0.797752808988764,0.943820224719101,0.640449438202247,0.460674157303371,0.853932584269663,0.466292134831461,0.443820224719101,0.668539325842697,0.404494382022472,0.0786516853932584,0.252808988764045,0.764044943820225,0.966292134831461,0.702247191011236,0.550561797752809,0.719101123595506,0.196629213483146,0.831460674157303,0.297752808988764,0.151685393258427,0.398876404494382,0.792134831460674,0.168539325842697,0.410112359550562,0.157303370786517,0.337078651685393,0.49438202247191,0.556179775280899,0.0337078651685393,0.820224719101124,0.325842696629214,0.696629213483146,0.387640449438202,0.707865168539326,0.365168539325843,0.741573033707865,0.52247191011236,0.50561797752809,0.735955056179775,0.730337078651685,0.617977528089888,0.219101123595506,0.415730337078652,0.848314606741573,0.421348314606742,0.780898876404494,0.887640449438202
"NKcell","P1_2020Oct",0.48314606741573,0.151685393258427,0.303370786516854,0.314606741573034,0.719101123595506,0.286516853932584,0.865168539325843,0.898876404494382,0.207865168539326,0.820224719101124,0.438202247191011,0.0898876404494382,0.567415730337079,0.179775280898876,0.848314606741573,0.106741573033708,0.376404494382022,0.0168539325842697,0.365168539325843,0.971910112359551,0.213483146067416,0.561797752808989,0.601123595505618,0.741573033707865,0.325842696629214,0.910112359550562,0.904494382022472,0.758426966292135,0.651685393258427,0.966292134831461,0.0730337078651685,0.617977528089888,0.421348314606742,0.629213483146067,0.640449438202247,0.241573033707865,0.612359550561798,0.0786516853932584,0.887640449438202,0.275280898876405,0.0393258426966292,0.97752808988764,0.589887640449438,0.707865168539326,0.0617977528089888,0.5,0.426966292134831,0.960674157303371,0.769662921348315,0.859550561797753,0.269662921348315,0.792134831460674,0.050561797752809,0.50561797752809,0.47752808988764,0.146067415730337,0.353932584269663,0.657303370786517,0.471910112359551,0.370786516853933,0.264044943820225,0.99438202247191,0.938202247191011,0.724719101123595,0.0224719101123595,0.112359550561798,0.0842696629213483,0.730337078651685,0.320224719101124,0.0674157303370786,0.48876404494382,0.893258426966292,0.415730337078652,0.685393258426966,0.00561797752808989,0.943820224719101,0.764044943820225,0.735955056179775,0.842696629213483,0.101123595505618,0.550561797752809,1,0.0449438202247191,0.252808988764045,0.775280898876405,0.393258426966292,0.140449438202247,0.595505617977528,0.825842696629214,0.0280898876404494,0.544943820224719,0.808988764044944,0.584269662921348,0.359550561797753,0.174157303370787,0.382022471910112,0.0955056179775281,0.0561797752808989,0.466292134831461,0.443820224719101,0.662921348314607,0.185393258426966,0.0112359550561798,0.342696629213483,0.702247191011236,0.196629213483146,0.539325842696629,0.247191011235955,0.168539325842697,0.129213483146067,0.230337078651685,0.157303370786517,0.578651685393258,0.51123595505618,0.870786516853933,0.49438202247191,0.786516853932584,0.52247191011236,0.398876404494382,0.646067415730337,0.331460674157303,0.258426966292135,0.876404494382023,0.674157303370786,0.606741573033708,0.926966292134832,0.921348314606742,0.348314606741573,0.747191011235955,0.915730337078652,0.123595505617978,0.623595505617977,0.387640449438202,0.308988764044944,0.297752808988764,0.556179775280899,0.573033707865168,0.162921348314607,0.752808988764045,0.292134831460674,0.117977528089888,0.455056179775281,0.528089887640449,0.51685393258427,0.98876404494382,0.404494382022472,0.691011235955056,0.134831460674157,0.949438202247191,0.98314606741573,0.410112359550562,0.932584269662921,0.679775280898876,0.831460674157303,0.460674157303371,0.0337078651685393,0.449438202247191,0.814606741573034,0.432584269662921,0.191011235955056,0.713483146067416,0.224719101123595,0.533707865168539,0.337078651685393,0.837078651685393,0.280898876404494,0.634831460674157,0.955056179775281,0.882022471910112,0.219101123595506,0.202247191011236,0.797752808988764,0.668539325842697,0.780898876404494,0.696629213483146,0.803370786516854,0.853932584269663,0.235955056179775
"NKcell","P2_2021Mar",0.52247191011236,0.106741573033708,0.966292134831461,0.0449438202247191,0.769662921348315,0.657303370786517,0.589887640449438,0.634831460674157,0.140449438202247,0.5,0.196629213483146,0.696629213483146,0.848314606741573,0.882022471910112,0.960674157303371,0.601123595505618,0.117977528089888,0.174157303370787,0.308988764044944,0.938202247191011,0.0617977528089888,0.0280898876404494,0.382022471910112,0.567415730337079,0.146067415730337,0.438202247191011,0.202247191011236,0.359550561797753,0.151685393258427,0.679775280898876,0.0842696629213483,0.415730337078652,0.280898876404494,0.797752808988764,0.269662921348315,0.224719101123595,0.629213483146067,0.050561797752809,0.443820224719101,0.134831460674157,0.404494382022472,0.955056179775281,0.612359550561798,0.47752808988764,0.398876404494382,0.0112359550561798,0.101123595505618,0.578651685393258,0.926966292134832,0.556179775280899,0.0955056179775281,0.595505617977528,0.353932584269663,0.539325842696629,0.455056179775281,0.0224719101123595,0.561797752808989,0.230337078651685,0.179775280898876,0.320224719101124,0.387640449438202,0.640449438202247,0.99438202247191,0.213483146067416,0.410112359550562,0.780898876404494,0.803370786516854,0.876404494382023,0.00561797752808989,0.426966292134831,0.617977528089888,0.51685393258427,0.50561797752809,0.775280898876405,0.0786516853932584,0.685393258426966,0.713483146067416,0.623595505617977,0.887640449438202,0.449438202247191,0.707865168539326,0.98314606741573,0.0898876404494382,0.859550561797753,0.808988764044944,0.691011235955056,0.0393258426966292,0.275280898876405,0.533707865168539,0.49438202247191,0.297752808988764,0.893258426966292,0.314606741573034,0.466292134831461,0.185393258426966,0.235955056179775,0.162921348314607,0.0674157303370786,0.573033707865168,0.0168539325842697,0.910112359550562,0.949438202247191,0.674157303370786,0.219101123595506,0.264044943820225,0.668539325842697,0.904494382022472,0.207865168539326,0.792134831460674,0.370786516853933,0.870786516853933,0.365168539325843,0.258426966292135,0.460674157303371,0.764044943820225,0.702247191011236,0.646067415730337,0.898876404494382,0.342696629213483,0.606741573033708,0.48876404494382,0.0337078651685393,0.662921348314607,0.97752808988764,0.584269662921348,0.421348314606742,1,0.191011235955056,0.837078651685393,0.752808988764045,0.825842696629214,0.820224719101124,0.865168539325843,0.303370786516854,0.651685393258427,0.393258426966292,0.814606741573034,0.157303370786517,0.932584269662921,0.129213483146067,0.550561797752809,0.735955056179775,0.331460674157303,0.471910112359551,0.943820224719101,0.348314606741573,0.241573033707865,0.915730337078652,0.432584269662921,0.325842696629214,0.544943820224719,0.831460674157303,0.376404494382022,0.48314606741573,0.786516853932584,0.337078651685393,0.292134831460674,0.51123595505618,0.123595505617978,0.719101123595506,0.247191011235955,0.252808988764045,0.98876404494382,0.112359550561798,0.741573033707865,0.286516853932584,0.747191011235955,0.971910112359551,0.758426966292135,0.853932584269663,0.842696629213483,0.724719101123595,0.730337078651685,0.0730337078651685,0.921348314606742,0.528089887640449,0.168539325842697,0.0561797752808989
"NKcell","P3_2023Jan",0.134831460674157,0.404494382022472,0.213483146067416,0.747191011235955,0.410112359550562,0.292134831460674,0.955056179775281,0.98876404494382,0.691011235955056,0.949438202247191,0.376404494382022,0.556179775280899,0.573033707865168,0.353932584269663,0.921348314606742,0.202247191011236,0.207865168539326,0.168539325842697,0.0617977528089888,0.943820224719101,0.0168539325842697,0.174157303370787,0.646067415730337,0.0842696629213483,0.0730337078651685,0.050561797752809,0.780898876404494,0.595505617977528,0.157303370786517,0.910112359550562,0.617977528089888,0.657303370786517,0.129213483146067,0.52247191011236,0.0224719101123595,0.179775280898876,0.196629213483146,0.471910112359551,0.926966292134832,0.415730337078652,0.601123595505618,0.99438202247191,0.286516853932584,0.370786516853933,0.707865168539326,0.325842696629214,0.382022471910112,0.837078651685393,0.814606741573034,0.820224719101124,0.0786516853932584,0.269662921348315,0.848314606741573,0.320224719101124,0.893258426966292,0.702247191011236,0.449438202247191,0.48876404494382,0.460674157303371,0.651685393258427,0.0449438202247191,0.792134831460674,0.48314606741573,0.230337078651685,0.331460674157303,0.769662921348315,0.387640449438202,0.0112359550561798,0.280898876404494,0.342696629213483,0.797752808988764,0.859550561797753,0.421348314606742,0.882022471910112,0.5,0.758426966292135,0.466292134831461,0.932584269662921,0.786516853932584,0.539325842696629,0.140449438202247,1,0.0955056179775281,0.438202247191011,0.98314606741573,0.971910112359551,0.578651685393258,0.898876404494382,0.876404494382023,0.185393258426966,0.314606741573034,0.870786516853933,0.752808988764045,0.612359550561798,0.241573033707865,0.960674157303371,0.904494382022472,0.337078651685393,0.0337078651685393,0.567415730337079,0.544943820224719,0.629213483146067,0.443820224719101,0.101123595505618,0.808988764044944,0.730337078651685,0.803370786516854,0.853932584269663,0.0393258426966292,0.151685393258427,0.550561797752809,0.842696629213483,0.561797752808989,0.258426966292135,0.831460674157303,0.623595505617977,0.51685393258427,0.50561797752809,0.0561797752808989,0.696629213483146,0.235955056179775,0.117977528089888,0.528089887640449,0.865168539325843,0.679775280898876,0.264044943820225,0.938202247191011,0.0898876404494382,0.685393258426966,0.915730337078652,0.887640449438202,0.247191011235955,0.426966292134831,0.719101123595506,0.162921348314607,0.348314606741573,0.49438202247191,0.398876404494382,0.606741573033708,0.303370786516854,0.0280898876404494,0.51123595505618,0.123595505617978,0.533707865168539,0.825842696629214,0.365168539325843,0.47752808988764,0.224719101123595,0.106741573033708,0.764044943820225,0.00561797752808989,0.775280898876405,0.455056179775281,0.713483146067416,0.668539325842697,0.589887640449438,0.584269662921348,0.966292134831461,0.393258426966292,0.191011235955056,0.662921348314607,0.97752808988764,0.359550561797753,0.634831460674157,0.308988764044944,0.297752808988764,0.741573033707865,0.735955056179775,0.275280898876405,0.252808988764045,0.640449438202247,0.724719101123595,0.219101123595506,0.112359550561798,0.0674157303370786,0.674157303370786,0.432584269662921,0.146067415730337
"DendriticCell","P1_2020Oct",0.707865168539326,0.640449438202247,0.0617977528089888,0.202247191011236,0.0786516853932584,0.162921348314607,0.51123595505618,0.966292134831461,0.741573033707865,0.820224719101124,0.146067415730337,0.634831460674157,0.303370786516854,0.0561797752808989,0.528089887640449,0.252808988764045,0.432584269662921,0.0337078651685393,0.0842696629213483,0.882022471910112,0.876404494382023,0.831460674157303,0.612359550561798,0.960674157303371,0.129213483146067,0.825842696629214,0.151685393258427,0.932584269662921,0.904494382022472,0.921348314606742,0.0280898876404494,0.730337078651685,0.0224719101123595,0.258426966292135,0.398876404494382,0.382022471910112,0.696629213483146,0.808988764044944,0.792134831460674,0.421348314606742,0.5,0.98314606741573,0.803370786516854,0.724719101123595,0.893258426966292,0.415730337078652,0.775280898876405,0.533707865168539,0.938202247191011,0.224719101123595,0.196629213483146,0.898876404494382,0.589887640449438,0.185393258426966,0.550561797752809,0.814606741573034,0.662921348314607,0.348314606741573,0.410112359550562,0.49438202247191,0.606741573033708,0.140449438202247,0.764044943820225,0.747191011235955,0.207865168539326,0.713483146067416,0.870786516853933,0.325842696629214,0.887640449438202,0.539325842696629,0.674157303370786,0.859550561797753,0.308988764044944,0.235955056179775,0.314606741573034,0.623595505617977,0.241573033707865,0.971910112359551,0.471910112359551,0.0112359550561798,0.668539325842697,0.910112359550562,0.0730337078651685,0.0449438202247191,0.865168539325843,0.752808988764045,0.578651685393258,0.657303370786517,0.556179775280899,0.275280898876405,0.691011235955056,0.112359550561798,0.617977528089888,0.286516853932584,0.51685393258427,0.943820224719101,0.646067415730337,0.404494382022472,0.292134831460674,0.337078651685393,0.99438202247191,0.837078651685393,0.50561797752809,0.48314606741573,0.387640449438202,0.213483146067416,0.376404494382022,0.269662921348315,0.48876404494382,0.426966292134831,0.97752808988764,0.0674157303370786,0.157303370786517,0.651685393258427,0.853932584269663,0.0168539325842697,0.393258426966292,0.98876404494382,0.842696629213483,0.331460674157303,0.297752808988764,0.460674157303371,0.719101123595506,0.443820224719101,0.769662921348315,0.949438202247191,0.230337078651685,0.370786516853933,0.0955056179775281,0.449438202247191,0.191011235955056,0.926966292134832,0.365168539325843,0.735955056179775,0.601123595505618,0.561797752808989,0.685393258426966,0.101123595505618,1,0.134831460674157,0.219101123595506,0.280898876404494,0.52247191011236,0.702247191011236,0.342696629213483,0.567415730337079,0.955056179775281,0.797752808988764,0.915730337078652,0.0898876404494382,0.359550561797753,0.466292134831461,0.758426966292135,0.584269662921348,0.438202247191011,0.573033707865168,0.320224719101124,0.174157303370787,0.00561797752808989,0.123595505617978,0.353932584269663,0.47752808988764,0.455056179775281,0.786516853932584,0.780898876404494,0.595505617977528,0.848314606741573,0.179775280898876,0.544943820224719,0.106741573033708,0.050561797752809,0.629213483146067,0.168539325842697,0.117977528089888,0.264044943820225,0.247191011235955,0.0393258426966292,0.679775280898876
"DendriticCell","P3_2023Jan",0.848314606741573,0.050561797752809,0.730337078651685,0.0449438202247191,0.112359550561798,0.0674157303370786,0.421348314606742,0.99438202247191,0.0112359550561798,0.573033707865168,0.0955056179775281,0.797752808988764,0.842696629213483,0.314606741573034,0.752808988764045,0.106741573033708,0.235955056179775,0.758426966292135,0.0786516853932584,0.803370786516854,0.0337078651685393,0.578651685393258,0.719101123595506,0.533707865168539,0.162921348314607,0.882022471910112,0.865168539325843,0.97752808988764,0.853932584269663,0.949438202247191,0.370786516853933,0.398876404494382,0.0168539325842697,0.769662921348315,0.702247191011236,0.264044943820225,0.376404494382022,0.117977528089888,0.646067415730337,0.595505617977528,0.960674157303371,0.904494382022472,0.674157303370786,0.943820224719101,0.337078651685393,0.47752808988764,0.0898876404494382,0.438202247191011,0.98314606741573,0.449438202247191,0.612359550561798,0.471910112359551,0.617977528089888,0.297752808988764,0.134831460674157,0.556179775280899,0.241573033707865,0.202247191011236,0.179775280898876,0.174157303370787,0.146067415730337,0.859550561797753,1,0.443820224719101,0.0617977528089888,0.365168539325843,0.129213483146067,0.353932584269663,0.196629213483146,0.764044943820225,0.426966292134831,0.820224719101124,0.252808988764045,0.550561797752809,0.696629213483146,0.606741573033708,0.292134831460674,0.876404494382023,0.460674157303371,0.224719101123595,0.0393258426966292,0.971910112359551,0.382022471910112,0.898876404494382,0.955056179775281,0.651685393258427,0.432584269662921,0.623595505617977,0.51685393258427,0.601123595505618,0.123595505617978,0.887640449438202,0.49438202247191,0.280898876404494,0.50561797752809,0.359550561797753,0.561797752808989,0.662921348314607,0.151685393258427,0.387640449438202,0.230337078651685,0.247191011235955,0.584269662921348,0.825842696629214,0.342696629213483,0.98876404494382,0.101123595505618,0.926966292134832,0.00561797752808989,0.213483146067416,0.808988764044944,0.207865168539326,0.831460674157303,0.870786516853933,0.320224719101124,0.191011235955056,0.657303370786517,0.325842696629214,0.724719101123595,0.837078651685393,0.348314606741573,0.51123595505618,0.792134831460674,0.741573033707865,0.938202247191011,0.48876404494382,0.308988764044944,0.219101123595506,0.707865168539326,0.539325842696629,0.679775280898876,0.966292134831461,0.0224719101123595,0.52247191011236,0.455056179775281,0.910112359550562,0.303370786516854,0.0561797752808989,0.921348314606742,0.589887640449438,0.275280898876405,0.775280898876405,0.668539325842697,0.640449438202247,0.48314606741573,0.814606741573034,0.932584269662921,0.5,0.893258426966292,0.786516853932584,0.140449438202247,0.747191011235955,0.410112359550562,0.393258426966292,0.185393258426966,0.415730337078652,0.544943820224719,0.0842696629213483,0.0280898876404494,0.567415730337079,0.528089887640449,0.691011235955056,0.915730337078652,0.735955056179775,0.629213483146067,0.466292134831461,0.269662921348315,0.685393258426966,0.634831460674157,0.780898876404494,0.168539325842697,0.258426966292135,0.713483146067416,0.157303370786517,0.0730337078651685,0.404494382022472,0.286516853932584,0.331460674157303
"CD8Tcell","P1_2020Oct",0.674157303370786,0.157303370786517,0.230337078651685,0.0617977528089888,0.421348314606742,0.202247191011236,0.320224719101124,0.932584269662921,0.213483146067416,0.48876404494382,0.219101123595506,0.803370786516854,0.393258426966292,0.51685393258427,0.98876404494382,0.353932584269663,0.589887640449438,0.117977528089888,0.0898876404494382,0.410112359550562,0.651685393258427,0.0449438202247191,0.0842696629213483,0.0224719101123595,0.0112359550561798,0.842696629213483,0.825842696629214,0.325842696629214,0.730337078651685,0.679775280898876,0.382022471910112,0.623595505617977,0.617977528089888,0.797752808988764,0.49438202247191,0.443820224719101,0.415730337078652,0.168539325842697,0.808988764044944,0.713483146067416,0.449438202247191,0.98314606741573,0.528089887640449,0.960674157303371,0.539325842696629,0.00561797752808989,0.308988764044944,0.910112359550562,0.820224719101124,0.196629213483146,0.146067415730337,0.561797752808989,0.634831460674157,0.949438202247191,0.792134831460674,0.050561797752809,0.831460674157303,0.595505617977528,0.691011235955056,0.314606741573034,0.0955056179775281,0.775280898876405,0.99438202247191,0.258426966292135,0.460674157303371,0.533707865168539,0.286516853932584,0.544943820224719,0.870786516853933,0.269662921348315,0.747191011235955,0.719101123595506,0.0674157303370786,0.432584269662921,0.140449438202247,0.365168539325843,0.685393258426966,0.668539325842697,0.0786516853932584,0.707865168539326,0.926966292134832,0.97752808988764,0.247191011235955,0.337078651685393,0.938202247191011,0.898876404494382,0.174157303370787,0.640449438202247,0.853932584269663,0.207865168539326,0.370786516853933,0.758426966292135,0.764044943820225,0.331460674157303,0.50561797752809,0.134831460674157,0.0561797752808989,0.252808988764045,0.191011235955056,0.646067415730337,0.966292134831461,0.241573033707865,0.51123595505618,0.471910112359551,0.106741573033708,0.179775280898876,0.814606741573034,0.101123595505618,0.235955056179775,0.404494382022472,0.123595505617978,0.5,0.724719101123595,0.662921348314607,0.0168539325842697,0.971910112359551,0.275280898876405,0.786516853932584,0.387640449438202,0.612359550561798,0.438202247191011,0.606741573033708,0.893258426966292,0.769662921348315,0.921348314606742,0.0337078651685393,0.584269662921348,0.348314606741573,0.848314606741573,0.601123595505618,0.280898876404494,0.780898876404494,0.573033707865168,0.943820224719101,0.578651685393258,0.151685393258427,0.297752808988764,0.0393258426966292,0.865168539325843,0.52247191011236,0.342696629213483,0.264044943820225,0.0730337078651685,0.702247191011236,0.882022471910112,0.292134831460674,0.48314606741573,0.466292134831461,0.904494382022472,0.696629213483146,0.359550561797753,1,0.47752808988764,0.455056179775281,0.224719101123595,0.398876404494382,0.859550561797753,0.0280898876404494,0.915730337078652,0.185393258426966,0.303370786516854,0.112359550561798,0.426966292134831,0.837078651685393,0.735955056179775,0.752808988764045,0.629213483146067,0.876404494382023,0.129213483146067,0.955056179775281,0.887640449438202,0.162921348314607,0.556179775280899,0.550561797752809,0.376404494382022,0.741573033707865,0.567415730337079,0.657303370786517
"CD8Tcell","P2_2021Mar",0.252808988764045,0.466292134831461,0.567415730337079,0.0168539325842697,0.808988764044944,0.0955056179775281,0.241573033707865,0.320224719101124,0.0561797752808989,0.528089887640449,0.376404494382022,0.539325842696629,0.151685393258427,0.449438202247191,0.370786516853933,0.612359550561798,0.769662921348315,0.51123595505618,0.134831460674157,0.584269662921348,0.185393258426966,0.353932584269663,0.207865168539326,0.955056179775281,0.48314606741573,0.719101123595506,0.202247191011236,0.617977528089888,0.432584269662921,0.258426966292135,0.0842696629213483,0.99438202247191,0.247191011235955,0.129213483146067,0.544943820224719,0.421348314606742,0.735955056179775,0.297752808988764,0.943820224719101,0.146067415730337,0.646067415730337,0.5,0.382022471910112,0.589887640449438,0.00561797752808989,0.573033707865168,0.578651685393258,0.601123595505618,0.893258426966292,0.292134831460674,0.342696629213483,0.561797752808989,0.898876404494382,0.264044943820225,0.443820224719101,0.595505617977528,0.780898876404494,0.0674157303370786,0.0617977528089888,0.393258426966292,0.308988764044944,0.926966292134832,0.415730337078652,0.168539325842697,0.668539325842697,0.471910112359551,0.904494382022472,0.97752808988764,0.314606741573034,0.303370786516854,0.623595505617977,1,0.831460674157303,0.747191011235955,0.741573033707865,0.269662921348315,0.196629213483146,0.98876404494382,0.870786516853933,0.679775280898876,0.960674157303371,0.865168539325843,0.337078651685393,0.50561797752809,0.752808988764045,0.730337078651685,0.157303370786517,0.533707865168539,0.348314606741573,0.51685393258427,0.775280898876405,0.786516853932584,0.651685393258427,0.286516853932584,0.837078651685393,0.0786516853932584,0.123595505617978,0.662921348314607,0.814606741573034,0.49438202247191,0.455056179775281,0.764044943820225,0.634831460674157,0.387640449438202,0.629213483146067,0.0393258426966292,0.966292134831461,0.460674157303371,0.971910112359551,0.112359550561798,0.910112359550562,0.224719101123595,0.331460674157303,0.707865168539326,0.230337078651685,0.657303370786517,0.842696629213483,0.48876404494382,0.235955056179775,0.106741573033708,0.438202247191011,0.162921348314607,0.882022471910112,0.792134831460674,0.674157303370786,0.0280898876404494,0.98314606741573,0.213483146067416,0.410112359550562,0.325842696629214,0.853932584269663,0.365168539325843,0.404494382022472,0.848314606741573,0.0898876404494382,0.921348314606742,0.0112359550561798,0.191011235955056,0.876404494382023,0.758426966292135,0.0730337078651685,0.797752808988764,0.713483146067416,0.696629213483146,0.52247191011236,0.949438202247191,0.0337078651685393,0.803370786516854,0.724719101123595,0.606741573033708,0.280898876404494,0.820224719101124,0.702247191011236,0.275280898876405,0.47752808988764,0.050561797752809,0.0224719101123595,0.140449438202247,0.938202247191011,0.825842696629214,0.691011235955056,0.174157303370787,0.859550561797753,0.219101123595506,0.179775280898876,0.0449438202247191,0.550561797752809,0.117977528089888,0.556179775280899,0.359550561797753,0.915730337078652,0.640449438202247,0.398876404494382,0.685393258426966,0.101123595505618,0.932584269662921,0.887640449438202,0.426966292134831
"CD8Tcell","P3_2023Jan",0.893258426966292,0.561797752808989,0.48314606741573,0.314606741573034,0.382022471910112,0.910112359550562,0.51685393258427,0.775280898876405,0.101123595505618,0.539325842696629,0.157303370786517,0.50561797752809,0.174157303370787,0.724719101123595,0.747191011235955,0.0730337078651685,0.0561797752808989,0.112359550561798,0.123595505617978,0.932584269662921,0.0955056179775281,0.320224719101124,0.466292134831461,0.814606741573034,0.0112359550561798,0.5,0.949438202247191,0.662921348314607,0.196629213483146,0.674157303370786,0.49438202247191,0.612359550561798,0.303370786516854,0.410112359550562,0.415730337078652,0.0617977528089888,0.544943820224719,0.134831460674157,0.97752808988764,0.202247191011236,0.140449438202247,0.533707865168539,0.567415730337079,0.98876404494382,0.342696629213483,0.207865168539326,0.213483146067416,0.859550561797753,0.780898876404494,0.623595505617977,0.0280898876404494,0.713483146067416,0.370786516853933,0.960674157303371,0.48876404494382,0.179775280898876,0.758426966292135,0.47752808988764,0.286516853932584,0.404494382022472,0.224719101123595,0.185393258426966,0.98314606741573,0.106741573033708,0.0224719101123595,0.449438202247191,0.842696629213483,0.646067415730337,0.792134831460674,0.117977528089888,0.438202247191011,0.696629213483146,0.651685393258427,0.926966292134832,0.308988764044944,0.853932584269663,0.707865168539326,0.831460674157303,0.129213483146067,0.471910112359551,0.764044943820225,1,0.460674157303371,0.837078651685393,0.679775280898876,0.584269662921348,0.0674157303370786,0.702247191011236,0.550561797752809,0.050561797752809,0.595505617977528,0.741573033707865,0.848314606741573,0.640449438202247,0.219101123595506,0.685393258426966,0.292134831460674,0.898876404494382,0.235955056179775,0.264044943820225,0.971910112359551,0.398876404494382,0.573033707865168,0.348314606741573,0.820224719101124,0.808988764044944,0.0898876404494382,0.337078651685393,0.269662921348315,0.359550561797753,0.966292134831461,0.393258426966292,0.247191011235955,0.629213483146067,0.0842696629213483,0.904494382022472,0.365168539325843,0.803370786516854,0.376404494382022,0.241573033707865,0.0337078651685393,0.162921348314607,0.921348314606742,0.601123595505618,0.938202247191011,0.0449438202247191,0.870786516853933,0.0786516853932584,0.146067415730337,0.691011235955056,0.297752808988764,0.887640449438202,0.51123595505618,0.865168539325843,0.52247191011236,0.387640449438202,0.786516853932584,0.151685393258427,0.955056179775281,0.252808988764045,0.432584269662921,0.0168539325842697,0.325842696629214,0.825842696629214,0.668539325842697,0.258426966292135,0.882022471910112,0.421348314606742,0.876404494382023,0.915730337078652,0.556179775280899,0.99438202247191,0.426966292134831,0.578651685393258,0.634831460674157,0.730337078651685,0.0393258426966292,0.230337078651685,0.589887640449438,0.528089887640449,0.797752808988764,0.657303370786517,0.353932584269663,0.191011235955056,0.443820224719101,0.606741573033708,0.617977528089888,0.719101123595506,0.735955056179775,0.943820224719101,0.455056179775281,0.752808988764045,0.769662921348315,0.280898876404494,0.331460674157303,0.00561797752808989,0.275280898876405,0.168539325842697
"MSC_Fibroblast","P1_2020Oct",0.438202247191011,0.196629213483146,0.421348314606742,0.275280898876405,0.353932584269663,0.269662921348315,0.696629213483146,0.898876404494382,0.140449438202247,0.157303370786517,0.0449438202247191,0.651685393258427,0.258426966292135,0.606741573033708,0.0337078651685393,0.308988764044944,0.455056179775281,0.134831460674157,0.370786516853933,0.657303370786517,0.466292134831461,0.426966292134831,0.247191011235955,0.617977528089888,0.471910112359551,0.893258426966292,0.595505617977528,0.904494382022472,0.550561797752809,0.842696629213483,0.0842696629213483,0.943820224719101,0.584269662921348,0.735955056179775,0.589887640449438,0.320224719101124,0.235955056179775,0.0730337078651685,0.191011235955056,0.387640449438202,0.241573033707865,0.966292134831461,0.48876404494382,0.528089887640449,0.859550561797753,0.578651685393258,0.837078651685393,0.365168539325843,0.825842696629214,0.314606741573034,0.544943820224719,0.803370786516854,0.775280898876405,0.230337078651685,0.174157303370787,0.0224719101123595,0.0561797752808989,0.741573033707865,0.0280898876404494,0.404494382022472,0.112359550561798,0.415730337078652,1,0.0898876404494382,0.123595505617978,0.185393258426966,0.971910112359551,0.98876404494382,0.674157303370786,0.882022471910112,0.769662921348315,0.960674157303371,0.382022471910112,0.325842696629214,0.331460674157303,0.634831460674157,0.533707865168539,0.292134831460674,0.870786516853933,0.876404494382023,0.646067415730337,0.99438202247191,0.050561797752809,0.932584269662921,0.662921348314607,0.393258426966292,0.106741573033708,0.780898876404494,0.224719101123595,0.168539325842697,0.207865168539326,0.921348314606742,0.853932584269663,0.5,0.117977528089888,0.00561797752808989,0.567415730337079,0.151685393258427,0.573033707865168,0.303370786516854,0.449438202247191,0.707865168539326,0.820224719101124,0.691011235955056,0.0786516853932584,0.786516853932584,0.685393258426966,0.202247191011236,0.252808988764045,0.640449438202247,0.668539325842697,0.0393258426966292,0.865168539325843,0.926966292134832,0.49438202247191,0.97752808988764,0.910112359550562,0.0674157303370786,0.297752808988764,0.949438202247191,0.752808988764045,0.679775280898876,0.410112359550562,0.730337078651685,0.612359550561798,0.50561797752809,0.601123595505618,0.792134831460674,0.814606741573034,0.724719101123595,0.556179775280899,0.623595505617977,0.719101123595506,0.713483146067416,0.747191011235955,0.915730337078652,0.797752808988764,0.764044943820225,0.887640449438202,0.460674157303371,0.342696629213483,0.51685393258427,0.831460674157303,0.359550561797753,0.848314606741573,0.0168539325842697,0.48314606741573,0.52247191011236,0.179775280898876,0.955056179775281,0.129213483146067,0.808988764044944,0.337078651685393,0.938202247191011,0.561797752808989,0.629213483146067,0.539325842696629,0.219101123595506,0.101123595505618,0.286516853932584,0.348314606741573,0.0112359550561798,0.47752808988764,0.146067415730337,0.443820224719101,0.280898876404494,0.432584269662921,0.376404494382022,0.51123595505618,0.702247191011236,0.264044943820225,0.758426966292135,0.213483146067416,0.0955056179775281,0.98314606741573,0.398876404494382,0.0617977528089888,0.162921348314607
"MSC_Fibroblast","P2_2021Mar",0.578651685393258,0.202247191011236,0.286516853932584,0.151685393258427,0.230337078651685,0.842696629213483,0.629213483146067,0.926966292134832,0.528089887640449,0.303370786516854,0.657303370786517,0.258426966292135,0.471910112359551,0.0955056179775281,0.219101123595506,0.696629213483146,0.207865168539326,0.112359550561798,0.426966292134831,0.859550561797753,0.623595505617977,0.98314606741573,0.955056179775281,0.786516853932584,0.904494382022472,0.876404494382023,0.280898876404494,0.50561797752809,0.831460674157303,0.971910112359551,0.331460674157303,0.589887640449438,0.679775280898876,0.455056179775281,0.769662921348315,0.0280898876404494,0.887640449438202,0.00561797752808989,0.882022471910112,0.808988764044944,0.117977528089888,0.932584269662921,0.134831460674157,0.48314606741573,0.432584269662921,0.382022471910112,0.915730337078652,0.320224719101124,0.561797752808989,0.342696629213483,0.162921348314607,0.707865168539326,0.460674157303371,0.398876404494382,0.584269662921348,0.797752808988764,0.612359550561798,0.252808988764045,0.651685393258427,0.646067415730337,0.308988764044944,0.466292134831461,0.99438202247191,0.387640449438202,0.691011235955056,0.825842696629214,0.814606741573034,0.803370786516854,0.606741573033708,0.0561797752808989,0.747191011235955,0.97752808988764,0.898876404494382,0.966292134831461,0.893258426966292,0.359550561797753,0.674157303370786,0.297752808988764,0.0617977528089888,0.735955056179775,0.269662921348315,1,0.0898876404494382,0.910112359550562,0.98876404494382,0.853932584269663,0.123595505617978,0.224719101123595,0.146067415730337,0.617977528089888,0.668539325842697,0.848314606741573,0.0730337078651685,0.247191011235955,0.264044943820225,0.191011235955056,0.921348314606742,0.730337078651685,0.325842696629214,0.0337078651685393,0.443820224719101,0.741573033707865,0.275280898876405,0.0674157303370786,0.140449438202247,0.376404494382022,0.539325842696629,0.404494382022472,0.174157303370787,0.634831460674157,0.235955056179775,0.348314606741573,0.353932584269663,0.0786516853932584,0.196629213483146,0.573033707865168,0.0449438202247191,0.421348314606742,0.241573033707865,0.168539325842697,0.949438202247191,0.370786516853933,0.544943820224719,0.365168539325843,0.601123595505618,0.640449438202247,0.185393258426966,0.337078651685393,0.292134831460674,0.157303370786517,0.719101123595506,0.938202247191011,0.837078651685393,0.48876404494382,0.129213483146067,0.780898876404494,0.960674157303371,0.213483146067416,0.52247191011236,0.438202247191011,0.179775280898876,0.533707865168539,0.865168539325843,0.943820224719101,0.0112359550561798,0.410112359550562,0.0842696629213483,0.0168539325842697,0.724719101123595,0.51685393258427,0.0224719101123595,0.820224719101124,0.49438202247191,0.792134831460674,0.449438202247191,0.47752808988764,0.702247191011236,0.775280898876405,0.556179775280899,0.5,0.393258426966292,0.51123595505618,0.752808988764045,0.870786516853933,0.050561797752809,0.662921348314607,0.764044943820225,0.550561797752809,0.0393258426966292,0.685393258426966,0.713483146067416,0.758426966292135,0.314606741573034,0.106741573033708,0.567415730337079,0.595505617977528,0.415730337078652,0.101123595505618
"MSC_Fibroblast","P3_2023Jan",0.539325842696629,0.49438202247191,0.050561797752809,0.47752808988764,0.106741573033708,0.0730337078651685,0.179775280898876,1,0.685393258426966,0.0112359550561798,0.0617977528089888,0.780898876404494,0.48314606741573,0.101123595505618,0.786516853932584,0.966292134831461,0.0561797752808989,0.550561797752809,0.646067415730337,0.971910112359551,0.0224719101123595,0.651685393258427,0.415730337078652,0.752808988764045,0.808988764044944,0.955056179775281,0.269662921348315,0.926966292134832,0.421348314606742,0.426966292134831,0.0449438202247191,0.612359550561798,0.337078651685393,0.713483146067416,0.662921348314607,0.471910112359551,0.668539325842697,0.00561797752808989,0.359550561797753,0.50561797752809,0.230337078651685,0.960674157303371,0.219101123595506,0.674157303370786,0.0393258426966292,0.174157303370787,0.0786516853932584,0.876404494382023,0.707865168539326,0.561797752808989,0.146067415730337,0.353932584269663,0.702247191011236,0.747191011235955,0.943820224719101,0.280898876404494,0.98314606741573,0.168539325842697,0.342696629213483,0.393258426966292,0.185393258426966,0.297752808988764,0.97752808988764,0.921348314606742,0.134831460674157,0.370786516853933,0.831460674157303,0.724719101123595,0.5,0.735955056179775,0.224719101123595,0.365168539325843,0.820224719101124,0.870786516853933,0.0280898876404494,0.99438202247191,0.657303370786517,0.865168539325843,0.0898876404494382,0.623595505617977,0.741573033707865,0.98876404494382,0.286516853932584,0.803370786516854,0.825842696629214,0.544943820224719,0.213483146067416,0.758426966292135,0.438202247191011,0.202247191011236,0.949438202247191,0.0955056179775281,0.320224719101124,0.376404494382022,0.556179775280899,0.696629213483146,0.382022471910112,0.275280898876405,0.51685393258427,0.264044943820225,0.842696629213483,0.893258426966292,0.904494382022472,0.853932584269663,0.455056179775281,0.629213483146067,0.151685393258427,0.303370786516854,0.0337078651685393,0.466292134831461,0.247191011235955,0.0168539325842697,0.0674157303370786,0.51123595505618,0.252808988764045,0.196629213483146,0.932584269662921,0.117977528089888,0.449438202247191,0.792134831460674,0.348314606741573,0.910112359550562,0.162921348314607,0.584269662921348,0.595505617977528,0.404494382022472,0.887640449438202,0.0842696629213483,0.123595505617978,0.387640449438202,0.398876404494382,0.837078651685393,0.533707865168539,0.567415730337079,0.814606741573034,0.915730337078652,0.859550561797753,0.410112359550562,0.601123595505618,0.691011235955056,0.207865168539326,0.52247191011236,0.898876404494382,0.764044943820225,0.848314606741573,0.443820224719101,0.331460674157303,0.191011235955056,0.292134831460674,0.129213483146067,0.769662921348315,0.314606741573034,0.640449438202247,0.589887640449438,0.882022471910112,0.157303370786517,0.235955056179775,0.528089887640449,0.112359550561798,0.140449438202247,0.308988764044944,0.578651685393258,0.48876404494382,0.241573033707865,0.432584269662921,0.938202247191011,0.258426966292135,0.573033707865168,0.325842696629214,0.634831460674157,0.606741573033708,0.730337078651685,0.719101123595506,0.679775280898876,0.797752808988764,0.617977528089888,0.775280898876405,0.460674157303371
"Myofibroblast","P1_2020Oct",0.696629213483146,0.370786516853933,0.949438202247191,0.0224719101123595,0.269662921348315,0.348314606741573,0.410112359550562,0.52247191011236,0.99438202247191,0.544943820224719,0.471910112359551,0.382022471910112,0.623595505617977,0.707865168539326,0.713483146067416,0.898876404494382,0.612359550561798,0.747191011235955,0.51685393258427,0.932584269662921,0.938202247191011,0.134831460674157,0.0674157303370786,0.550561797752809,0.825842696629214,0.320224719101124,0.567415730337079,0.842696629213483,0.926966292134832,0.449438202247191,0.870786516853933,0.5,0.432584269662921,0.921348314606742,0.820224719101124,0.359550561797753,0.235955056179775,0.595505617977528,0.741573033707865,0.97752808988764,0.202247191011236,0.758426966292135,0.887640449438202,0.910112359550562,0.657303370786517,0.48876404494382,0.140449438202247,0.882022471910112,0.831460674157303,0.342696629213483,0.50561797752809,0.98314606741573,0.157303370786517,0.0393258426966292,0.303370786516854,0.780898876404494,0.280898876404494,0.859550561797753,0.404494382022472,0.230337078651685,0.162921348314607,0.0955056179775281,0.308988764044944,0.0168539325842697,0.0337078651685393,0.51123595505618,0.556179775280899,0.365168539325843,0.589887640449438,0.634831460674157,0.275280898876405,0.640449438202247,0.106741573033708,0.0898876404494382,0.455056179775281,0.606741573033708,0.331460674157303,0.955056179775281,0.112359550561798,0.561797752808989,0.191011235955056,0.893258426966292,0.0730337078651685,0.297752808988764,0.0280898876404494,0.98876404494382,0.48314606741573,0.775280898876405,0.668539325842697,0.264044943820225,0.146067415730337,0.966292134831461,0.387640449438202,0.101123595505618,0.460674157303371,0.533707865168539,0.679775280898876,0.443820224719101,0.252808988764045,0.247191011235955,0.691011235955056,0.539325842696629,0.719101123595506,0.258426966292135,0.0842696629213483,0.174157303370787,0.196629213483146,0.117977528089888,0.803370786516854,0.943820224719101,0.129213483146067,0.808988764044944,0.353932584269663,0.0449438202247191,0.814606741573034,0.904494382022472,0.617977528089888,0.584269662921348,0.786516853932584,0.123595505617978,0.337078651685393,0.730337078651685,0.685393258426966,0.050561797752809,0.415730337078652,0.185393258426966,0.438202247191011,0.601123595505618,0.674157303370786,0.0786516853932584,0.179775280898876,0.724719101123595,0.528089887640449,0.0561797752808989,0.792134831460674,0.219101123595506,0.651685393258427,0.292134831460674,0.286516853932584,0.865168539325843,0.398876404494382,0.848314606741573,0.213483146067416,0.49438202247191,0.629213483146067,0.376404494382022,0.421348314606742,0.662921348314607,0.797752808988764,0.0112359550561798,0.702247191011236,1,0.960674157303371,0.325842696629214,0.735955056179775,0.314606741573034,0.752808988764045,0.837078651685393,0.578651685393258,0.151685393258427,0.971910112359551,0.0617977528089888,0.646067415730337,0.876404494382023,0.47752808988764,0.769662921348315,0.764044943820225,0.573033707865168,0.853932584269663,0.393258426966292,0.915730337078652,0.207865168539326,0.241573033707865,0.224719101123595,0.466292134831461,0.00561797752808989,0.168539325842697,0.426966292134831
"Myofibroblast","P2_2021Mar",0.140449438202247,0.0112359550561798,0.825842696629214,0.589887640449438,0.241573033707865,0.101123595505618,0.606741573033708,0.769662921348315,0.808988764044944,0.134831460674157,0.0168539325842697,0.617977528089888,0.320224719101124,0.0786516853932584,0.539325842696629,0.48314606741573,0.179775280898876,0.185393258426966,0.00561797752808989,0.561797752808989,0.910112359550562,0.162921348314607,0.51123595505618,0.887640449438202,0.556179775280899,0.674157303370786,0.0280898876404494,0.926966292134832,0.966292134831461,0.646067415730337,0.112359550561798,0.230337078651685,0.528089887640449,0.612359550561798,0.623595505617977,0.904494382022472,0.466292134831461,0.0224719101123595,0.837078651685393,0.971910112359551,0.741573033707865,0.657303370786517,0.151685393258427,0.814606741573034,0.426966292134831,0.533707865168539,0.247191011235955,0.0842696629213483,0.842696629213483,0.943820224719101,0.573033707865168,0.286516853932584,0.876404494382023,0.106741573033708,0.955056179775281,0.438202247191011,0.679775280898876,0.398876404494382,0.202247191011236,0.297752808988764,0.0674157303370786,0.421348314606742,0.99438202247191,0.0337078651685393,0.544943820224719,0.584269662921348,0.691011235955056,0.668539325842697,0.792134831460674,0.634831460674157,0.662921348314607,0.49438202247191,0.460674157303371,0.370786516853933,0.5,0.898876404494382,0.325842696629214,0.48876404494382,0.752808988764045,0.747191011235955,0.797752808988764,1,0.196629213483146,0.848314606741573,0.601123595505618,0.174157303370787,0.640449438202247,0.735955056179775,0.949438202247191,0.382022471910112,0.707865168539326,0.865168539325843,0.191011235955056,0.117977528089888,0.52247191011236,0.651685393258427,0.820224719101124,0.578651685393258,0.97752808988764,0.359550561797753,0.353932584269663,0.471910112359551,0.780898876404494,0.415730337078652,0.685393258426966,0.235955056179775,0.258426966292135,0.50561797752809,0.224719101123595,0.449438202247191,0.629213483146067,0.252808988764045,0.51685393258427,0.455056179775281,0.331460674157303,0.595505617977528,0.129213483146067,0.713483146067416,0.831460674157303,0.432584269662921,0.921348314606742,0.280898876404494,0.443820224719101,0.882022471910112,0.702247191011236,0.157303370786517,0.0561797752808989,0.123595505617978,0.365168539325843,0.764044943820225,0.050561797752809,0.98314606741573,0.724719101123595,0.786516853932584,0.775280898876405,0.376404494382022,0.404494382022472,0.0617977528089888,0.719101123595506,0.213483146067416,0.308988764044944,0.696629213483146,0.47752808988764,0.870786516853933,0.342696629213483,0.168539325842697,0.0955056179775281,0.146067415730337,0.938202247191011,0.393258426966292,0.0393258426966292,0.853932584269663,0.730337078651685,0.269662921348315,0.348314606741573,0.915730337078652,0.98876404494382,0.0898876404494382,0.0730337078651685,0.0449438202247191,0.859550561797753,0.758426966292135,0.893258426966292,0.410112359550562,0.314606741573034,0.387640449438202,0.960674157303371,0.932584269662921,0.567415730337079,0.337078651685393,0.275280898876405,0.219101123595506,0.303370786516854,0.264044943820225,0.550561797752809,0.292134831460674,0.207865168539326,0.803370786516854
"Endothelial","P1_2020Oct",0.606741573033708,0.0617977528089888,0.48876404494382,0.415730337078652,0.0955056179775281,0.617977528089888,0.426966292134831,0.955056179775281,0.601123595505618,0.314606741573034,0.0393258426966292,0.764044943820225,0.848314606741573,0.0898876404494382,0.865168539325843,0.696629213483146,0.629213483146067,0.241573033707865,0.662921348314607,0.634831460674157,0.747191011235955,0.758426966292135,0.207865168539326,0.730337078651685,0.269662921348315,0.48314606741573,0.567415730337079,0.0337078651685393,0.539325842696629,0.735955056179775,0.780898876404494,0.971910112359551,0.404494382022472,0.264044943820225,0.0449438202247191,0.101123595505618,0.112359550561798,0.174157303370787,0.926966292134832,0.657303370786517,0.157303370786517,1,0.320224719101124,0.949438202247191,0.196629213483146,0.820224719101124,0.0280898876404494,0.471910112359551,0.460674157303371,0.837078651685393,0.5,0.915730337078652,0.348314606741573,0.550561797752809,0.674157303370786,0.0730337078651685,0.308988764044944,0.0112359550561798,0.134831460674157,0.719101123595506,0.162921348314607,0.151685393258427,0.98314606741573,0.449438202247191,0.185393258426966,0.0224719101123595,0.398876404494382,0.702247191011236,0.578651685393258,0.393258426966292,0.117977528089888,0.98876404494382,0.938202247191011,0.960674157303371,0.584269662921348,0.168539325842697,0.932584269662921,0.713483146067416,0.443820224719101,0.556179775280899,0.595505617977528,0.99438202247191,0.376404494382022,0.887640449438202,0.943820224719101,0.691011235955056,0.859550561797753,0.52247191011236,0.51123595505618,0.140449438202247,0.292134831460674,0.898876404494382,0.685393258426966,0.966292134831461,0.00561797752808989,0.0674157303370786,0.370786516853933,0.651685393258427,0.573033707865168,0.792134831460674,0.353932584269663,0.219101123595506,0.325842696629214,0.106741573033708,0.123595505617978,0.842696629213483,0.224719101123595,0.230337078651685,0.0786516853932584,0.179775280898876,0.904494382022472,0.724719101123595,0.870786516853933,0.646067415730337,0.0561797752808989,0.365168539325843,0.51685393258427,0.0842696629213483,0.050561797752809,0.808988764044944,0.769662921348315,0.814606741573034,0.280898876404494,0.921348314606742,0.50561797752809,0.561797752808989,0.910112359550562,0.359550561797753,0.421348314606742,0.797752808988764,0.297752808988764,0.786516853932584,0.410112359550562,0.623595505617977,0.707865168539326,0.803370786516854,0.331460674157303,0.49438202247191,0.741573033707865,0.831460674157303,0.235955056179775,0.533707865168539,0.893258426966292,0.876404494382023,0.612359550561798,0.286516853932584,0.640449438202247,0.668539325842697,0.882022471910112,0.129213483146067,0.0168539325842697,0.853932584269663,0.342696629213483,0.275280898876405,0.191011235955056,0.213483146067416,0.247191011235955,0.252808988764045,0.679775280898876,0.544943820224719,0.303370786516854,0.455056179775281,0.146067415730337,0.528089887640449,0.589887640449438,0.825842696629214,0.337078651685393,0.258426966292135,0.97752808988764,0.382022471910112,0.432584269662921,0.47752808988764,0.202247191011236,0.775280898876405,0.438202247191011,0.752808988764045,0.466292134831461,0.387640449438202
"Endothelial","P3_2023Jan",0.814606741573034,0.769662921348315,0.353932584269663,0.50561797752809,0.410112359550562,0.219101123595506,0.825842696629214,0.910112359550562,0.235955056179775,0.808988764044944,0.157303370786517,0.0337078651685393,0.713483146067416,0.0561797752808989,0.269662921348315,0.213483146067416,0.185393258426966,0.629213483146067,0.932584269662921,0.365168539325843,0.258426966292135,0.758426966292135,0.921348314606742,0.51123595505618,0.387640449438202,0.960674157303371,0.106741573033708,0.685393258426966,0.443820224719101,0.98876404494382,0.421348314606742,0.646067415730337,0.101123595505618,0.730337078651685,0.191011235955056,0.179775280898876,0.601123595505618,0.286516853932584,0.971910112359551,0.949438202247191,0.342696629213483,0.97752808988764,0.573033707865168,0.438202247191011,0.202247191011236,0.382022471910112,0.337078651685393,0.320224719101124,0.98314606741573,0.657303370786517,0.0449438202247191,0.764044943820225,0.0280898876404494,0.544943820224719,0.460674157303371,0.123595505617978,0.415730337078652,0.0168539325842697,0.00561797752808989,0.926966292134832,0.129213483146067,0.314606741573034,1,0.48876404494382,0.325842696629214,0.050561797752809,0.0842696629213483,0.674157303370786,0.112359550561798,0.303370786516854,0.651685393258427,0.797752808988764,0.466292134831461,0.297752808988764,0.331460674157303,0.904494382022472,0.595505617977528,0.398876404494382,0.528089887640449,0.679775280898876,0.533707865168539,0.99438202247191,0.449438202247191,0.882022471910112,0.696629213483146,0.376404494382022,0.140449438202247,0.230337078651685,0.876404494382023,0.404494382022472,0.241573033707865,0.966292134831461,0.691011235955056,0.584269662921348,0.432584269662921,0.0112359550561798,0.0674157303370786,0.870786516853933,0.224719101123595,0.292134831460674,0.853932584269663,0.561797752808989,0.455056179775281,0.174157303370787,0.49438202247191,0.0786516853932584,0.578651685393258,0.668539325842697,0.146067415730337,0.471910112359551,0.51685393258427,0.556179775280899,0.52247191011236,0.865168539325843,0.247191011235955,0.264044943820225,0.848314606741573,0.786516853932584,0.275280898876405,0.842696629213483,0.196629213483146,0.48314606741573,0.724719101123595,0.606741573033708,0.426966292134831,0.943820224719101,0.859550561797753,0.393258426966292,0.252808988764045,0.887640449438202,0.634831460674157,0.938202247191011,0.151685393258427,0.820224719101124,0.359550561797753,0.707865168539326,0.775280898876405,0.0224719101123595,0.662921348314607,0.47752808988764,0.747191011235955,0.162921348314607,0.735955056179775,0.308988764044944,0.792134831460674,0.5,0.550561797752809,0.752808988764045,0.134831460674157,0.780898876404494,0.0955056179775281,0.612359550561798,0.0393258426966292,0.955056179775281,0.567415730337079,0.280898876404494,0.831460674157303,0.117977528089888,0.702247191011236,0.589887640449438,0.837078651685393,0.0898876404494382,0.623595505617977,0.348314606741573,0.0617977528089888,0.207865168539326,0.168539325842697,0.617977528089888,0.915730337078652,0.803370786516854,0.893258426966292,0.741573033707865,0.898876404494382,0.0730337078651685,0.539325842696629,0.640449438202247,0.719101123595506,0.370786516853933
"Malignant_mesothelial","P1_2020Oct",0.702247191011236,0.241573033707865,0.213483146067416,0.460674157303371,0.303370786516854,0.0337078651685393,0.707865168539326,0.910112359550562,0.151685393258427,0.117977528089888,0.634831460674157,0.348314606741573,0.471910112359551,0.0168539325842697,0.275280898876405,0.0224719101123595,0.584269662921348,0.314606741573034,0.0955056179775281,0.106741573033708,0.668539325842697,0.224719101123595,0.191011235955056,0.955056179775281,0.269662921348315,0.595505617977528,0.556179775280899,0.370786516853933,0.533707865168539,0.97752808988764,0.48314606741573,0.966292134831461,0.0112359550561798,0.264044943820225,0.803370786516854,0.286516853932584,0.949438202247191,0.230337078651685,0.876404494382023,0.331460674157303,0.646067415730337,0.99438202247191,0.123595505617978,0.971910112359551,0.50561797752809,0.162921348314607,0.387640449438202,0.426966292134831,0.938202247191011,0.0786516853932584,0.196629213483146,0.640449438202247,0.174157303370787,0.308988764044944,0.438202247191011,0.0730337078651685,0.0898876404494382,0.207865168539326,0.758426966292135,0.769662921348315,0.129213483146067,0.775280898876405,0.98876404494382,0.887640449438202,0.797752808988764,0.550561797752809,0.837078651685393,0.252808988764045,0.747191011235955,0.52247191011236,0.943820224719101,0.297752808988764,0.893258426966292,0.780898876404494,0.848314606741573,0.960674157303371,0.050561797752809,0.853932584269663,0.932584269662921,0.859550561797753,0.235955056179775,1,0.0617977528089888,0.915730337078652,0.814606741573034,0.623595505617977,0.342696629213483,0.353932584269663,0.792134831460674,0.898876404494382,0.140449438202247,0.612359550561798,0.842696629213483,0.101123595505618,0.47752808988764,0.696629213483146,0.679775280898876,0.0393258426966292,0.258426966292135,0.825842696629214,0.674157303370786,0.443820224719101,0.528089887640449,0.00561797752808989,0.112359550561798,0.786516853932584,0.567415730337079,0.51685393258427,0.606741573033708,0.719101123595506,0.48876404494382,0.320224719101124,0.589887640449438,0.713483146067416,0.870786516853933,0.764044943820225,0.415730337078652,0.49438202247191,0.398876404494382,0.455056179775281,0.337078651685393,0.651685393258427,0.5,0.98314606741573,0.921348314606742,0.168539325842697,0.752808988764045,0.157303370786517,0.735955056179775,0.466292134831461,0.359550561797753,0.685393258426966,0.179775280898876,0.432584269662921,0.185393258426966,0.691011235955056,0.865168539325843,0.578651685393258,0.904494382022472,0.662921348314607,0.449438202247191,0.280898876404494,0.325842696629214,0.617977528089888,0.376404494382022,0.365168539325843,0.926966292134832,0.393258426966292,0.219101123595506,0.820224719101124,0.0674157303370786,0.247191011235955,0.730337078651685,0.657303370786517,0.808988764044944,0.573033707865168,0.0842696629213483,0.601123595505618,0.202247191011236,0.51123595505618,0.292134831460674,0.134831460674157,0.382022471910112,0.882022471910112,0.421348314606742,0.561797752808989,0.0561797752808989,0.404494382022472,0.629213483146067,0.410112359550562,0.539325842696629,0.724719101123595,0.146067415730337,0.544943820224719,0.741573033707865,0.831460674157303,0.0449438202247191,0.0280898876404494
"Malignant_mesothelial","P3_2023Jan",0.651685393258427,0.314606741573034,0.49438202247191,0.719101123595506,0.0337078651685393,0.342696629213483,0.713483146067416,0.825842696629214,0.224719101123595,0.308988764044944,0.0898876404494382,0.0561797752808989,0.679775280898876,0.426966292134831,0.893258426966292,0.949438202247191,0.870786516853933,0.617977528089888,0.0674157303370786,0.960674157303371,0.449438202247191,0.865168539325843,0.247191011235955,0.955056179775281,0.393258426966292,0.623595505617977,0.573033707865168,0.331460674157303,0.213483146067416,0.460674157303371,0.898876404494382,0.876404494382023,0.325842696629214,0.191011235955056,0.162921348314607,0.410112359550562,0.219101123595506,0.0168539325842697,0.5,0.702247191011236,0.337078651685393,0.99438202247191,0.0842696629213483,0.101123595505618,0.848314606741573,0.258426966292135,0.292134831460674,0.387640449438202,0.235955056179775,0.730337078651685,0.404494382022472,0.52247191011236,0.348314606741573,0.174157303370787,0.938202247191011,0.691011235955056,0.398876404494382,0.0224719101123595,0.657303370786517,0.561797752808989,0.241573033707865,0.421348314606742,0.98876404494382,0.438202247191011,0.707865168539326,0.882022471910112,0.286516853932584,0.831460674157303,0.179775280898876,0.117977528089888,0.353932584269663,0.932584269662921,0.578651685393258,0.297752808988764,0.252808988764045,0.966292134831461,0.0393258426966292,0.51123595505618,0.629213483146067,0.370786516853933,0.606741573033708,0.926966292134832,0.662921348314607,0.98314606741573,0.106741573033708,0.533707865168539,0.752808988764045,0.904494382022472,0.432584269662921,0.280898876404494,0.0730337078651685,0.915730337078652,0.320224719101124,0.97752808988764,0.612359550561798,0.129213483146067,0.471910112359551,0.567415730337079,0.207865168539326,0.601123595505618,0.202247191011236,0.51685393258427,0.780898876404494,0.185393258426966,0.134831460674157,0.837078651685393,0.151685393258427,0.168539325842697,0.595505617977528,0.859550561797753,0.808988764044944,0.0449438202247191,0.0280898876404494,0.685393258426966,0.382022471910112,0.634831460674157,0.466292134831461,0.140449438202247,0.556179775280899,0.589887640449438,0.640449438202247,0.758426966292135,0.646067415730337,0.764044943820225,0.157303370786517,0.00561797752808989,0.359550561797753,0.050561797752809,0.0955056179775281,0.443820224719101,0.48876404494382,0.842696629213483,0.112359550561798,0.786516853932584,0.921348314606742,0.668539325842697,0.814606741573034,0.123595505617978,0.550561797752809,0.269662921348315,0.303370786516854,0.910112359550562,0.455056179775281,0.735955056179775,0.376404494382022,0.50561797752809,1,0.853932584269663,0.539325842696629,0.528089887640449,0.0786516853932584,0.803370786516854,0.724719101123595,0.47752808988764,0.887640449438202,0.943820224719101,0.971910112359551,0.365168539325843,0.48314606741573,0.769662921348315,0.230337078651685,0.0617977528089888,0.747191011235955,0.264044943820225,0.820224719101124,0.674157303370786,0.741573033707865,0.696629213483146,0.196629213483146,0.275280898876405,0.146067415730337,0.544943820224719,0.584269662921348,0.797752808988764,0.415730337078652,0.792134831460674,0.775280898876405,0.0112359550561798
