Cell.Type.,Sample Name,AHR,AR,ARID3A,ARNT,ARNTL,ASCL1,ASCL2,ATF1,ATF2,ATF3,BACH1,BACH2,BARX2,BATF,BCL11A,BCL6,BHLHE40,CEBPA,CEBPB,CEBPD,CLOCK,CTCF,CTCFL,DUX4,E2F1,E2F2,E2F3,E2F4,E2F6,E2F7,E2F8,EBF1,EGR1,EGR2,EHF,ELF1,ELK1,ELK3,ELK4,EPAS1,ESR1,ESR2,ESRRA,ETS2,ETV1,ETV5,ETV6,ETV7,FOS,FOSL1,FOSL2,FOXA1,FOXA2,FOXD2,FOXG1,FOXH1,FOXK1,FOXM1,FOXO3,FOXP1,FOXP2,FOXP3,GATA1,GATA2,GATA3,GATA4,GLI2,GLIS1,GMEB1,GMEB2,GRHL2,GTF2B,GTF2I,HEY1,HIF1A,HINFP,HNF1B,HNF4A,HNF4G,HOXA1,HOXA4,HOXA6,HOXB13,HOXC6,HSF1,HSF2,IRF1,IRF2,IRF3,IRF4,JUN,JUNB,JUND,KLF1,KLF10,KLF3,KLF4,KLF9,KMT2A,LHX2,MAF,MAFF,MAFK,MECOM,MEF2A,MEF2C,MEIS1,MITF,MNT,MXI1,MYB,MYBL2,MYC,MYOD1,NANOG,NFAT5,NFATC1,NFE2,NFIC,NFYA,NFYB,NKX2-1,NR2C2,NR2F2,NRF1,ONECUT1,OTX2,PAX5,PBX1,PBX3,PGR,POU2F1,POU2F2,PPARG,PRDM1,PRDM14,RARG,RBPJ,RELA,REST,RFX2,RFX5,RUNX1,RUNX2,RUNX3,RXRA,RXRG,SETDB1,SIX5,SMAD3,SOX17,SP1,SP4,SPI1,SPIB,SREBF1,SRF,STAT1,STAT2,STAT3,STAT4,STAT5A,STAT5B,TBP,TCF12,TCF21,TCF3,TCF4,TCF7L2,TEAD4,TFAP2A,TFAP2C,TFAP4,TFDP1,THAP1,TP63,TP73,USF1,USF2,VDR,VEZF1,XBP1,YY1,ZBTB33,ZBTB7A,ZBTB7B,ZEB1,ZFP42,ZFX,ZKSCAN1,ZNF143,ZNF263,ZNF384,ZNF76
BMCP,ND251_34,62,12,86,142,117,87,15,49,160,3,175,55,124,38,31,27,34,6,192,139,2,9,41,134,145,72,64,28,5,19,123,74,119,133,191,22,148,14,159,132,110,56,16,136,128,77,193,112,158,113,46,130,18,176,108,172,135,151,43,4,127,104,100,154,118,141,7,54,92,96,63,183,121,66,36,102,90,84,45,105,181,171,91,65,33,138,131,174,168,21,51,155,194,53,50,186,188,184,150,97,157,30,93,81,80,182,8,26,58,76,107,70,32,1,166,146,147,88,25,42,52,39,59,162,40,13,60,35,20,24,170,111,11,173,152,180,48,114,103,115,57,120,143,10,187,71,109,94,189,17,23,122,163,95,169,125,68,178,101,75,99,144,98,85,185,82,190,89,161,167,78,69,164,126,47,153,83,137,165,129,106,179,177,73,156,79,67,140,149,61,44,29,116,37
ERP,ND251_34,5,10,81,121,14,42,155,169,183,142,182,32,8,189,40,76,60,31,93,59,26,69,49,41,111,2,98,25,20,29,159,156,84,131,192,150,157,109,72,102,1,114,50,187,140,63,188,51,106,139,3,143,17,86,115,94,124,191,37,77,43,137,162,166,71,4,66,7,110,104,45,193,100,9,74,78,179,119,34,161,186,163,171,136,68,134,85,120,132,57,172,129,194,16,146,176,168,122,48,160,97,44,18,174,12,153,90,58,11,148,107,23,89,21,92,70,38,67,33,64,53,96,83,130,39,87,62,19,54,116,118,75,46,95,173,123,28,65,181,36,30,164,27,15,180,56,158,152,141,47,108,80,113,135,133,88,99,154,112,24,170,177,103,144,126,82,178,52,105,167,145,138,91,6,35,61,165,128,55,151,149,127,175,22,125,101,184,185,190,13,147,117,79,73
HSC.CACNB2,ND251_34,63,65,35,113,155,185,64,144,189,14,171,49,102,84,32,55,105,27,125,43,3,176,10,21,2,33,154,47,91,70,142,30,187,112,190,41,48,72,156,90,20,163,52,169,104,82,193,143,119,76,60,108,1,46,116,106,172,59,38,78,28,173,123,36,141,75,128,23,77,39,4,192,58,5,120,158,88,133,7,166,180,168,107,98,15,160,165,140,97,74,127,153,194,109,86,148,137,174,34,149,122,24,69,175,95,124,126,61,103,26,89,25,151,8,62,31,146,29,80,164,44,92,40,159,17,57,132,99,19,114,182,16,51,56,94,134,54,145,152,167,42,186,68,117,131,150,66,100,170,13,81,18,147,139,115,93,45,121,181,71,79,136,118,157,96,87,191,135,111,162,6,53,188,50,37,101,73,129,85,67,11,138,161,179,130,110,178,184,183,22,83,9,177,12
HSC.CACNB2,ND251_HSC,88,4,102,73,98,161,43,146,187,7,162,59,100,118,56,37,84,33,144,54,1,163,8,34,2,17,184,69,164,19,186,101,152,136,177,45,124,49,96,70,57,81,20,131,174,53,193,156,112,78,15,170,3,11,52,122,165,109,46,86,95,155,110,134,6,38,21,80,120,63,93,192,99,26,129,97,145,89,92,160,188,141,111,168,64,180,150,178,179,41,181,91,194,157,35,189,77,137,36,132,116,28,32,108,71,123,60,62,106,16,74,13,65,10,169,24,66,31,75,172,103,25,105,130,39,51,67,82,23,149,147,9,18,48,142,173,107,135,167,127,44,185,12,83,183,87,128,85,154,158,30,55,119,47,90,58,94,159,115,153,22,175,104,113,121,42,191,125,148,126,14,140,182,40,79,68,117,61,143,50,114,166,176,151,171,27,138,133,190,5,72,76,139,29
HSC.CACNB2,ND251_LMPP,72,84,158,100,133,104,178,75,182,24,115,23,186,140,26,109,161,6,180,60,11,88,81,43,29,82,151,120,141,47,128,18,70,174,136,126,36,124,127,155,118,153,4,102,169,37,191,168,10,125,146,170,142,20,25,99,152,139,51,59,107,7,183,175,27,19,90,132,68,13,31,110,53,187,172,58,135,2,87,171,106,154,49,129,167,76,179,134,45,14,15,97,192,63,12,173,41,5,66,114,32,42,165,85,105,163,83,28,67,108,71,130,177,38,148,35,16,44,34,137,150,3,144,8,74,55,121,185,21,157,145,86,73,189,48,143,54,101,149,138,147,112,92,156,117,62,194,111,50,40,89,94,77,193,131,123,46,181,122,79,1,188,184,22,30,57,160,52,113,78,69,17,91,56,93,162,33,116,65,176,190,164,96,9,103,80,61,98,159,166,119,64,95,39
HSC.CACNB2,ND251_MPP,144,17,54,168,138,149,8,104,190,61,177,56,91,157,67,11,135,70,95,78,38,143,7,64,1,2,175,94,26,32,151,69,163,47,184,178,121,16,72,109,36,113,52,164,122,86,193,110,106,68,29,97,44,102,24,173,112,46,35,156,31,153,65,134,15,128,98,74,160,107,37,192,92,50,23,118,73,55,81,139,188,189,80,182,87,165,93,176,137,53,183,114,194,76,77,171,103,12,25,96,125,51,66,123,41,133,126,43,22,4,154,14,169,6,142,28,119,71,90,105,146,100,82,89,58,49,88,10,20,152,170,63,34,141,140,127,147,116,186,174,85,159,27,40,187,101,162,60,148,130,42,75,185,21,9,83,45,161,131,124,13,99,120,30,150,5,191,129,136,84,3,108,172,48,39,145,79,57,117,115,19,155,181,111,179,59,132,158,167,18,62,166,180,33
HSC.HIST1H2AC,ND251_34,19,20,106,6,55,135,103,77,179,149,150,45,143,133,64,163,116,123,188,29,30,71,56,114,134,43,186,13,28,25,170,161,94,120,173,84,32,68,49,147,100,102,34,27,171,61,194,33,76,79,58,154,2,153,101,81,121,176,115,172,85,145,129,140,44,80,4,46,98,167,14,183,86,59,50,89,16,118,22,108,131,126,69,91,122,165,95,111,125,92,93,113,189,40,67,162,110,166,90,185,192,15,87,180,47,152,53,112,138,24,96,141,168,8,99,83,142,23,159,18,151,73,48,54,60,62,63,41,5,146,51,82,10,12,88,107,21,148,70,184,9,160,78,26,97,128,65,117,104,39,37,157,193,181,119,132,139,130,156,169,31,57,144,52,187,66,72,158,75,137,164,17,191,3,38,127,105,174,1,155,7,182,190,124,35,178,109,177,175,74,36,42,136,11
HSC.HIST1H2AC,ND251_HSC,101,28,18,88,82,163,79,147,183,13,181,36,155,86,60,32,121,72,182,38,2,133,57,81,16,15,188,25,165,30,176,143,177,117,189,3,44,39,139,73,98,45,31,118,160,52,193,168,169,27,7,180,71,84,68,87,109,104,124,64,114,145,65,83,56,33,9,40,91,122,4,192,112,97,105,129,93,150,8,142,190,144,92,113,89,167,115,128,146,63,156,54,194,6,110,186,184,35,49,170,178,50,55,166,100,175,37,80,111,59,61,29,48,22,85,67,95,19,62,123,70,20,126,134,17,102,135,53,1,148,131,99,43,96,125,152,69,158,157,136,23,164,5,137,24,90,153,77,161,159,46,75,171,162,103,138,119,174,172,185,14,132,107,74,140,26,191,141,106,94,10,47,116,11,34,120,78,41,151,58,12,173,130,127,187,66,149,108,179,42,76,51,154,21
HSC.HIST1H2AC,ND251_MPP,84,11,9,142,69,168,95,157,124,6,164,13,171,174,63,40,143,139,181,42,46,130,65,57,33,24,150,85,128,53,163,12,112,158,189,116,123,22,28,102,98,68,55,126,122,79,193,170,104,16,50,165,187,51,111,92,117,82,39,160,27,145,73,118,72,32,10,52,47,59,30,190,131,36,114,87,75,49,135,136,191,103,88,121,66,183,62,147,179,18,133,119,194,25,89,153,162,81,70,167,144,29,138,177,26,156,54,77,109,64,120,129,99,5,38,48,86,34,184,185,115,3,91,83,71,148,76,141,74,188,80,93,8,137,19,45,96,97,172,152,21,132,4,7,169,107,125,43,151,37,56,2,94,192,106,149,161,178,180,176,58,173,17,90,182,60,159,155,146,67,44,35,41,20,110,134,61,78,113,31,14,175,166,154,140,100,101,105,186,23,108,1,127,15
HSC.MYADM-CD97,ND251_34,115,32,44,66,99,86,69,137,173,174,163,12,55,116,74,75,14,141,1,8,26,190,65,45,2,36,177,43,186,3,134,54,31,51,158,40,46,91,60,82,15,17,35,176,124,78,191,142,50,138,52,193,53,94,144,109,112,93,143,121,80,157,41,49,147,122,96,9,128,42,18,194,34,88,125,95,179,38,100,156,169,120,28,165,83,185,139,81,181,27,76,90,192,131,64,184,180,63,101,103,132,16,166,113,7,167,133,79,135,160,118,30,106,123,70,150,171,73,152,175,72,21,145,136,23,67,162,29,25,58,140,161,37,111,84,77,129,178,110,149,22,188,6,62,114,105,119,92,183,59,19,108,56,127,89,102,57,153,20,97,48,168,104,5,187,13,189,151,85,164,154,4,98,146,68,130,47,10,87,61,71,155,170,126,148,33,159,117,172,11,39,107,182,24
HSC.MYADM-CD97,ND251_HSC,135,6,10,111,101,136,91,172,190,25,176,45,129,120,39,65,158,114,106,117,3,83,15,80,7,4,168,23,75,12,170,49,182,108,184,53,86,68,167,60,37,156,16,113,97,28,193,133,63,93,35,187,1,66,38,103,142,146,48,151,46,124,69,90,43,73,55,87,119,143,21,194,89,27,122,145,127,24,50,179,186,173,107,141,54,175,126,132,160,33,115,139,192,67,57,188,189,162,9,164,85,19,71,157,100,163,70,51,123,74,84,31,144,11,61,34,112,5,18,118,62,56,102,169,8,40,150,147,2,137,148,44,14,128,99,134,92,159,166,149,20,177,13,72,174,59,95,104,130,77,96,26,138,88,131,58,153,152,165,79,32,183,121,98,125,64,191,105,154,161,41,82,140,47,52,110,78,94,29,42,81,155,180,116,178,76,109,171,181,36,17,22,185,30
HSC.MYADM-CD97,ND251_LMPP,106,5,28,93,32,119,99,184,173,185,139,50,101,131,124,22,81,63,145,72,150,129,25,37,27,31,154,68,88,1,38,66,125,82,194,116,39,128,96,170,159,87,17,151,6,48,190,149,134,44,4,57,8,30,34,11,143,165,64,71,60,41,20,183,95,51,13,56,73,178,70,189,126,47,97,67,141,120,61,118,169,123,146,174,54,182,187,135,162,23,65,105,193,2,179,168,163,160,180,130,36,121,107,132,77,181,26,59,52,113,89,21,166,153,74,49,142,10,92,110,117,109,75,188,115,58,112,84,14,100,152,9,55,94,122,175,15,155,177,176,33,12,40,45,156,78,136,91,127,98,18,137,104,114,80,164,53,167,172,103,7,147,46,86,42,140,192,83,157,161,76,19,148,24,69,62,85,144,158,108,79,186,29,133,90,102,191,35,171,16,111,43,138,3
HSC.MYADM-CD97,ND251_MPP,147,39,32,131,35,124,60,157,191,45,163,24,89,166,5,83,44,26,95,94,42,169,58,30,36,18,161,112,162,20,186,177,129,57,182,4,111,86,146,67,54,29,33,135,122,31,193,175,152,16,3,185,1,121,25,132,133,136,134,139,21,179,79,96,117,77,11,109,84,52,27,180,130,78,145,85,106,15,113,165,168,97,107,160,71,183,188,126,110,37,62,100,194,55,123,178,189,82,127,151,93,2,176,149,87,74,64,41,116,120,19,34,72,9,99,70,40,22,103,150,75,10,76,92,137,50,141,118,14,173,164,105,51,115,90,68,59,153,184,142,53,172,17,43,104,91,114,143,148,69,13,98,63,81,119,66,28,170,56,88,23,155,158,138,154,8,192,128,167,181,6,38,190,7,49,80,65,46,140,61,48,144,101,125,159,108,156,171,187,12,73,102,174,47
HSC.WNT11,ND251_34,95,17,52,159,92,31,111,130,161,2,153,87,49,190,102,121,90,178,6,118,14,96,82,104,128,7,168,36,132,143,171,158,48,83,181,18,157,77,113,65,62,133,76,38,167,147,192,172,34,88,85,186,4,50,74,135,93,166,75,45,5,114,155,107,19,70,134,64,79,61,144,188,73,26,109,67,98,140,16,59,154,163,137,150,106,179,187,115,136,119,71,53,193,1,51,184,191,156,68,170,81,97,47,99,30,125,54,41,116,12,23,72,105,10,56,39,91,21,20,183,152,33,117,69,25,28,142,29,141,174,165,80,35,13,145,151,55,175,176,139,15,103,32,86,42,84,124,9,148,120,149,127,94,11,89,162,40,177,100,66,44,112,22,101,189,57,182,138,78,60,8,129,180,46,24,146,126,164,131,63,37,173,169,27,185,123,122,160,110,58,43,3,194,108
HSC.WNT11,ND251_HSC,151,6,95,75,63,190,79,145,175,31,180,58,150,112,30,136,81,32,167,87,2,143,4,61,28,5,189,15,135,33,177,120,127,98,188,131,105,101,70,64,49,94,43,119,78,55,193,142,133,46,34,169,10,42,109,137,115,152,62,69,104,38,50,166,25,66,9,67,111,102,100,192,124,52,99,130,122,116,45,147,191,173,54,153,13,156,176,159,183,72,110,16,194,93,68,184,185,181,17,125,103,40,26,155,59,123,14,48,80,92,8,29,148,24,132,53,51,12,113,168,86,41,85,162,20,37,139,140,19,138,129,76,56,82,106,108,74,149,174,164,1,187,22,36,163,117,165,97,146,65,77,18,154,89,11,134,71,178,158,172,21,114,96,118,160,60,182,128,91,84,27,83,157,3,35,88,161,107,90,73,7,179,170,121,39,144,126,141,186,44,23,57,171,47
HSC.WNT11,ND251_LMPP,18,121,46,48,94,10,63,159,164,70,184,128,111,82,41,81,174,108,170,127,53,177,7,130,64,27,158,187,52,44,191,112,51,90,188,45,167,162,21,75,56,140,37,189,144,59,192,172,93,110,19,80,98,100,13,43,132,145,8,85,62,105,68,180,97,20,15,16,137,84,5,193,55,23,61,122,113,17,161,78,175,186,152,86,49,156,69,109,117,67,89,126,194,102,34,163,149,83,40,107,72,92,32,99,66,155,58,22,26,96,103,31,138,28,91,39,190,54,120,160,150,71,74,134,38,9,182,11,6,104,24,65,57,60,185,76,142,114,166,131,47,165,116,30,123,14,77,143,173,115,148,95,87,129,1,36,25,179,106,176,29,118,147,42,168,101,181,33,119,154,88,73,35,4,139,171,133,169,153,79,183,135,146,136,141,2,125,157,178,12,124,50,151,3
HSC.WNT11,ND251_MPP,83,69,164,152,62,173,123,109,185,71,118,80,155,169,14,117,150,26,179,70,2,96,49,58,1,41,105,27,101,63,145,136,17,115,187,4,37,59,182,21,6,64,28,168,67,61,194,141,68,87,10,166,120,51,81,143,113,131,65,15,86,154,72,172,102,57,79,108,91,174,52,192,128,25,110,103,30,39,176,142,190,137,84,90,46,157,50,163,147,158,55,77,193,144,98,161,138,183,13,186,149,56,40,82,126,122,11,32,151,31,104,34,95,3,121,12,97,36,119,171,74,8,85,177,76,112,153,165,9,43,178,99,33,100,73,134,42,132,127,181,53,162,22,18,38,88,116,93,189,167,23,107,35,48,92,114,184,94,75,180,19,111,156,148,170,125,191,146,133,140,20,5,66,47,106,54,135,16,175,45,24,159,139,78,188,7,130,160,124,29,44,89,129,60
LMPP.CDK6-FLT3,ND251_34,105,11,47,29,90,163,85,175,158,2,131,12,88,139,25,71,41,9,181,48,4,103,97,46,1,6,31,27,162,36,173,174,109,65,185,133,51,30,154,32,33,104,78,180,160,130,193,120,14,84,52,184,24,38,114,159,80,129,108,81,73,155,45,126,55,68,110,66,96,116,18,192,102,40,128,82,94,37,132,151,186,152,76,98,49,178,148,121,182,23,111,56,194,119,100,190,75,189,83,137,43,10,176,167,64,161,50,16,63,20,117,42,113,19,122,21,145,7,101,149,112,60,62,187,39,70,124,58,53,22,79,67,77,135,142,54,74,95,146,169,13,188,44,34,166,86,89,134,125,164,28,57,99,138,141,150,127,156,157,179,26,153,69,106,147,87,191,143,144,136,93,61,72,17,15,172,140,123,165,91,3,118,183,171,115,59,177,170,168,8,92,5,107,35
LMPP.CDK6-FLT3,ND251_HSC,23,99,185,166,165,150,141,183,162,49,74,151,88,191,167,133,187,108,42,163,139,72,161,45,32,91,58,62,28,112,190,173,64,70,169,35,21,104,124,33,8,20,1,192,189,86,193,154,73,24,120,57,11,109,22,40,172,92,29,178,145,105,2,85,15,65,93,46,71,135,67,84,146,48,9,68,77,16,60,53,63,132,142,177,43,160,76,97,83,143,137,27,194,122,14,134,149,66,98,34,82,25,131,118,164,79,51,18,26,179,174,126,36,121,159,128,175,10,100,13,136,47,69,129,114,176,152,125,5,75,170,89,19,158,38,52,123,101,96,116,138,41,3,61,17,148,113,127,119,31,44,54,50,30,90,94,156,102,140,7,4,55,56,107,157,37,186,80,111,155,184,78,110,115,95,188,180,87,171,39,59,153,106,103,147,130,6,144,181,117,168,12,182,81
LMPP.CDK6-FLT3,ND251_LMPP,138,6,47,103,44,178,83,145,184,22,180,36,128,176,29,79,157,52,168,110,4,71,15,55,19,2,153,28,81,25,186,86,134,98,187,82,57,72,87,63,26,70,21,158,135,54,193,109,92,111,23,147,43,45,66,164,133,124,14,73,40,161,74,62,50,30,17,95,68,107,49,192,67,10,171,80,159,9,123,146,188,139,118,155,41,174,179,140,129,31,154,99,194,85,20,190,166,115,32,170,53,1,167,132,37,160,65,46,11,16,58,35,150,5,101,69,77,51,113,142,76,61,39,165,38,24,162,91,60,156,121,90,27,89,106,119,137,136,149,177,7,175,33,59,169,131,141,75,181,126,42,144,105,88,93,112,94,102,125,130,18,185,163,56,151,100,191,143,108,172,3,84,104,64,12,96,97,122,116,127,78,114,182,120,148,117,152,173,189,13,48,8,183,34
LMPP.CDK6-FLT3,ND251_MPP,54,144,23,10,51,46,116,72,136,13,52,112,74,50,142,156,194,2,92,181,15,174,67,141,1,86,184,60,180,122,126,132,177,82,169,7,117,175,104,35,8,56,164,88,129,96,192,78,48,115,148,183,71,79,153,179,152,165,127,155,58,120,191,57,89,137,59,37,32,6,34,193,109,81,94,17,172,178,102,45,106,160,26,185,39,158,188,22,28,147,113,5,150,125,20,163,21,103,157,42,40,24,189,12,123,131,154,36,101,173,3,11,93,16,63,49,4,134,68,149,55,91,83,105,187,43,118,90,151,107,119,166,80,95,73,110,87,85,38,162,14,168,19,9,69,84,76,108,176,190,75,18,70,47,29,31,186,30,65,66,161,111,140,99,124,44,171,133,135,121,139,53,138,114,27,98,145,77,146,130,62,167,33,182,97,143,100,61,159,64,25,170,41,128
LMPP.LSAMP,ND251_34,125,30,152,58,93,166,90,144,181,46,66,70,67,180,95,127,174,13,185,142,47,19,131,124,10,148,71,113,52,116,187,6,3,132,139,72,88,43,107,84,59,154,83,34,163,81,167,172,108,178,151,112,130,169,2,9,119,133,40,60,29,118,76,153,27,101,183,82,192,62,68,188,160,122,5,104,64,15,186,48,155,106,91,109,89,32,115,80,134,37,190,39,170,11,138,126,164,57,41,135,146,162,85,121,25,53,1,14,97,189,98,26,51,149,33,177,78,179,103,36,105,77,20,184,49,50,150,17,141,120,63,86,140,136,157,18,61,156,92,175,42,128,147,165,7,74,143,23,176,110,137,16,114,56,158,65,168,194,111,22,94,161,54,28,96,75,173,55,24,102,44,79,159,8,35,99,117,193,69,21,45,182,12,100,191,73,38,145,171,123,129,4,31,87
LMPP.LSAMP,ND251_LMPP,112,74,60,145,91,171,83,159,190,81,183,67,120,98,73,111,89,34,92,87,6,174,2,71,46,11,163,78,72,61,181,141,77,96,188,47,68,51,150,62,54,95,23,162,88,28,193,147,85,86,36,133,1,44,49,104,119,101,10,140,108,122,152,137,32,50,55,39,103,97,37,192,76,18,139,144,149,69,105,173,154,175,66,161,48,132,172,143,146,12,131,70,194,63,42,189,186,130,113,157,121,15,135,164,20,153,82,19,124,57,110,21,168,7,41,45,40,58,3,128,80,4,16,117,30,53,136,106,25,129,166,59,27,93,118,134,99,182,165,177,64,185,8,52,167,43,94,13,125,116,56,26,107,115,65,75,35,123,169,151,22,178,156,84,179,29,191,148,79,155,9,160,170,17,100,109,114,102,138,127,5,126,187,90,180,38,142,158,184,14,33,24,176,31
LMPP.Naive.T-cell,ND251_LMPP,49,80,34,146,141,162,127,172,188,5,64,46,132,111,126,152,103,98,129,27,36,176,16,148,117,58,72,37,158,33,193,100,159,56,191,163,112,21,57,39,23,83,25,187,67,87,186,66,133,65,20,63,60,31,110,137,104,179,52,173,3,71,24,77,82,6,79,131,92,19,12,184,182,189,10,7,147,59,75,69,190,183,142,167,55,192,164,161,76,174,51,41,194,18,181,178,153,135,26,139,138,42,102,156,15,88,2,106,155,38,62,4,96,32,130,8,122,28,84,109,85,1,119,101,105,95,54,29,175,97,136,9,157,74,81,151,73,78,185,118,35,116,48,70,171,50,134,125,150,11,13,123,113,140,107,108,120,91,68,45,89,180,124,14,145,17,166,144,115,93,94,43,170,44,40,128,61,143,121,169,30,160,177,168,165,47,154,114,149,53,86,99,90,22
LMPP.PRSS1,ND251_34,141,24,14,176,17,97,60,137,187,7,79,18,128,111,61,142,78,104,44,53,59,188,52,164,82,49,145,55,148,100,171,73,131,103,165,34,22,3,192,155,57,26,98,182,166,102,184,116,48,106,159,117,37,110,81,23,146,68,25,179,99,121,150,115,2,124,126,45,157,93,132,91,177,94,8,170,83,38,151,30,163,152,112,162,167,77,108,125,10,5,161,40,189,9,180,172,120,32,74,62,138,156,71,96,70,168,134,41,42,50,160,4,15,186,92,149,80,16,12,193,95,158,11,89,105,113,119,114,39,129,181,66,51,144,133,36,64,86,87,136,47,101,21,65,56,31,153,90,84,123,33,72,46,122,174,127,140,169,85,139,35,194,107,67,1,54,190,63,154,191,28,147,88,19,13,118,75,109,178,175,20,135,185,130,6,143,43,173,69,76,58,183,27,29
LMPP.PRSS1,ND251_LMPP,92,20,36,77,49,153,75,159,187,57,179,8,128,118,62,32,132,41,163,85,3,178,10,50,7,5,176,60,69,6,181,107,162,82,188,86,83,37,105,61,64,87,58,150,112,66,193,101,90,106,26,177,1,43,94,130,113,103,34,131,88,156,96,117,68,72,46,42,99,148,44,192,91,52,170,157,136,71,89,133,190,158,70,97,27,147,167,143,114,19,144,110,194,21,74,183,189,184,76,160,109,4,134,138,48,168,55,22,65,24,33,16,152,2,126,84,102,53,39,104,122,13,73,171,18,23,146,95,12,155,119,98,31,54,120,135,80,169,175,165,11,186,15,51,174,111,173,67,172,108,47,35,121,141,100,79,40,115,142,164,29,180,116,59,124,93,191,125,139,154,45,17,151,56,25,137,81,145,127,78,38,161,185,149,123,30,140,129,182,9,63,28,166,14
LT-HSC.HLF,ND251_34,125,63,152,114,181,147,162,95,118,161,78,70,16,151,12,137,126,38,188,33,43,28,175,99,163,123,159,7,75,61,141,79,193,34,174,172,14,108,17,97,138,164,85,191,54,15,154,46,132,136,58,194,104,66,72,107,156,31,8,36,29,145,76,157,57,71,26,64,140,178,135,39,103,35,48,180,102,82,24,182,143,133,67,23,134,59,51,128,91,45,124,68,129,1,81,169,5,18,109,83,122,92,100,49,146,177,187,183,47,93,53,186,113,185,9,52,117,149,148,189,77,166,32,116,22,55,144,69,120,170,171,121,74,127,173,155,65,87,25,98,30,110,96,94,119,150,19,50,115,4,62,37,21,130,11,158,90,84,165,179,105,27,73,89,111,40,10,41,153,101,44,20,3,56,142,88,131,168,2,80,6,86,190,139,192,160,184,176,106,167,13,60,42,112
LT-HSC.HLF,ND251_HSC,135,39,23,129,128,161,76,165,189,89,174,25,137,109,47,12,166,77,82,124,1,187,9,86,8,2,178,44,98,5,179,32,184,100,188,28,134,66,150,55,116,57,14,119,37,53,194,164,58,85,48,156,11,20,30,87,73,154,35,127,54,113,83,111,130,64,84,59,65,62,50,192,126,60,105,107,90,92,101,153,190,148,102,173,41,176,108,151,172,94,143,43,193,51,91,186,175,159,36,167,141,4,93,106,33,169,22,69,118,96,56,40,117,27,70,13,88,26,61,149,133,7,103,152,24,74,162,80,3,75,181,72,19,78,112,157,52,158,177,147,15,182,42,45,131,97,122,79,168,139,34,16,104,121,68,67,144,155,170,145,38,180,99,115,110,49,191,125,120,136,21,17,95,6,63,114,146,138,81,71,29,160,183,123,142,140,132,171,185,18,46,31,163,10
LT-HSC.HLF,ND251_MPP,66,23,11,84,124,185,174,94,183,1,153,114,157,126,64,100,57,144,15,148,3,158,58,67,46,62,168,56,74,53,170,6,149,123,177,27,147,99,77,113,72,106,19,97,14,112,193,140,175,166,7,187,107,28,17,50,54,63,34,31,40,85,44,152,65,133,70,35,93,55,16,192,169,108,92,146,119,32,154,160,190,173,137,138,42,132,150,96,182,45,78,162,194,179,21,101,188,145,25,159,127,51,109,125,111,82,38,20,26,30,91,59,142,39,118,41,128,130,98,60,115,4,104,186,18,83,90,141,36,10,131,129,13,102,184,134,68,181,87,116,22,121,8,103,178,155,47,71,191,37,49,5,172,163,29,110,81,117,164,88,89,52,95,9,171,80,161,76,86,122,2,43,69,12,24,33,136,156,151,139,143,120,79,176,189,75,48,61,167,105,73,180,165,135
MEP-MKP,ND251_34,47,73,43,78,115,116,131,123,183,11,179,75,154,138,14,87,128,166,172,90,2,55,107,42,61,8,76,118,28,23,164,112,167,88,190,148,108,38,152,79,57,142,37,125,48,66,191,145,165,36,30,135,1,171,77,158,85,99,44,180,92,140,176,124,31,68,96,32,151,69,27,194,150,89,102,22,143,7,146,127,189,132,113,168,50,144,156,121,170,74,137,19,192,9,45,177,82,130,84,111,53,15,72,110,17,187,34,54,58,94,155,29,80,40,160,35,26,16,106,101,46,20,104,162,86,64,159,10,6,49,117,24,60,95,70,169,105,97,182,109,12,147,41,21,174,62,51,103,93,18,133,139,119,71,161,134,98,163,83,175,81,153,126,39,120,91,193,67,184,181,157,3,13,5,114,100,59,33,129,65,25,136,186,122,63,173,141,185,188,52,149,178,56,4
MEP-MKP,ND251_MPP,124,8,7,140,87,127,128,166,180,46,150,85,136,186,48,33,152,169,111,72,2,163,49,71,43,4,138,40,64,20,132,119,151,51,190,69,107,23,103,68,11,83,12,170,158,31,191,100,129,6,34,114,14,38,62,79,139,162,55,143,56,137,5,91,92,131,65,27,141,41,22,193,84,9,175,102,148,75,109,101,177,159,156,171,44,185,145,161,123,73,187,50,194,32,106,189,181,135,113,93,67,1,188,134,30,154,28,13,63,45,29,35,61,3,86,78,94,57,37,53,149,24,97,133,70,25,173,59,39,160,153,120,110,99,104,164,88,182,183,167,19,176,16,17,184,121,147,108,157,76,18,165,98,80,90,115,122,146,89,118,74,126,66,125,81,60,192,168,105,116,36,21,77,47,95,144,42,58,178,130,10,117,96,155,52,82,172,142,179,54,112,26,174,15
ML-Gran,ND251_34,158,47,58,110,107,118,87,133,187,11,181,33,112,114,64,19,90,78,138,73,6,160,26,80,3,5,61,84,93,35,167,67,159,72,189,37,94,63,119,44,2,68,8,162,75,38,193,124,76,81,14,186,1,12,125,136,111,104,52,57,129,88,102,82,96,113,49,34,171,116,122,192,79,42,97,165,120,100,36,176,190,168,98,175,18,185,178,139,163,62,169,85,194,55,9,188,101,92,40,128,74,7,108,172,43,130,66,46,86,21,148,50,153,28,123,53,131,22,23,180,155,60,105,151,17,29,157,121,27,99,135,71,32,109,103,146,91,137,149,156,24,161,30,25,59,144,173,51,179,126,31,83,70,54,117,152,39,170,132,134,41,154,69,141,142,77,191,177,147,145,13,20,56,10,115,127,106,140,48,45,4,174,95,166,150,89,164,143,184,15,65,183,182,16
ML-Gran,ND251_HSC,149,83,5,191,111,39,117,151,36,12,140,22,31,103,76,7,38,58,90,48,13,60,69,102,166,91,116,1,45,46,95,68,78,141,150,54,156,50,75,29,40,108,23,147,155,126,184,114,153,189,27,186,174,51,8,115,26,97,43,34,181,89,72,182,9,3,171,104,165,134,84,187,17,170,127,138,137,15,66,55,183,178,118,62,20,160,168,77,136,106,163,10,193,130,145,194,133,167,123,73,148,92,98,32,44,94,128,18,63,96,110,24,53,2,132,131,82,21,172,124,59,120,87,47,42,25,146,164,119,144,143,81,88,56,107,37,28,161,192,74,57,175,93,35,80,179,67,61,157,19,100,177,129,79,154,30,4,121,185,173,49,159,41,65,86,176,85,125,99,64,122,6,152,16,71,169,142,139,190,112,52,180,135,105,158,113,188,33,70,14,101,109,162,11
ML-Gran,ND251_LMPP,105,5,7,143,90,63,142,187,193,112,109,56,42,106,177,12,88,76,166,64,99,67,29,81,113,3,188,44,172,17,154,32,123,93,180,66,95,102,181,69,16,152,36,186,68,37,194,153,179,75,92,71,14,104,98,72,175,183,2,124,51,149,134,34,31,148,21,62,73,91,10,190,39,25,117,159,132,114,80,8,157,146,167,173,22,178,145,125,49,1,103,168,189,35,169,184,138,23,65,58,50,6,4,82,47,100,18,40,48,15,86,46,130,94,161,30,97,24,160,70,79,28,85,158,150,20,129,41,165,140,144,162,115,163,133,155,110,185,77,182,19,118,61,122,108,151,128,52,87,164,119,170,121,84,83,191,11,126,171,192,57,127,9,43,54,53,136,59,74,176,96,137,147,13,38,116,120,26,89,139,78,135,111,174,107,27,156,131,141,33,101,45,60,55
ML-Gran,ND251_MPP,71,16,98,158,133,154,103,57,184,44,139,50,161,164,31,116,125,13,179,109,4,74,19,135,2,1,104,61,14,41,181,37,144,92,147,15,172,118,24,26,58,49,54,166,17,85,190,77,171,90,3,136,68,10,88,106,129,160,29,167,30,121,117,148,35,105,99,101,119,156,42,193,39,127,89,34,40,138,123,163,192,187,134,176,33,137,25,84,87,83,189,48,194,73,150,185,159,47,56,110,102,5,146,111,70,169,32,46,22,78,12,36,120,7,113,55,43,145,20,79,132,59,93,183,21,11,69,23,8,75,141,97,27,122,66,152,165,108,153,149,6,178,94,38,142,130,173,155,174,112,91,114,72,162,53,65,60,140,126,131,9,170,168,67,188,80,191,177,82,124,86,52,51,63,28,157,143,100,151,107,18,96,115,62,175,81,128,186,182,76,45,95,180,64
MPP.Ribo-high,ND251_34,152,62,61,133,105,126,63,137,81,7,121,36,38,112,181,21,159,71,65,74,9,80,26,115,1,174,146,132,32,20,118,88,5,107,176,29,79,3,182,55,86,58,51,161,100,16,188,31,139,41,75,190,8,101,6,147,140,99,125,82,57,45,96,162,77,143,59,14,183,84,66,192,53,28,67,98,110,46,151,124,169,175,87,34,50,56,170,119,186,2,158,122,194,24,70,52,123,166,93,153,102,37,76,177,111,60,17,109,68,19,165,83,163,116,135,47,69,22,30,157,131,13,120,44,11,91,160,173,40,108,73,95,92,114,156,155,168,138,187,134,48,90,128,85,154,136,15,89,117,150,54,23,72,64,130,149,189,39,129,172,12,78,148,180,49,141,191,103,127,178,43,104,145,113,142,167,97,184,4,25,10,179,171,94,33,106,144,185,164,35,18,193,42,27
MPP.Ribo-high,ND251_HSC,151,9,25,81,6,180,94,156,159,29,123,31,115,85,45,158,104,27,191,34,37,46,4,38,1,24,173,54,5,3,143,149,121,112,184,18,22,147,181,150,52,53,58,49,175,97,186,178,106,13,162,171,131,43,124,103,157,155,44,65,30,100,23,142,7,168,14,42,74,140,116,194,51,146,63,113,188,11,177,87,169,108,35,183,33,182,48,105,163,62,82,187,192,55,36,137,32,190,26,79,102,99,141,89,126,57,110,16,138,95,10,20,135,28,109,93,170,15,136,189,69,50,19,88,153,92,68,101,2,117,119,125,86,152,160,67,61,139,174,129,17,122,47,90,179,144,133,83,118,21,59,76,176,166,165,60,84,64,71,185,40,127,154,39,96,98,193,80,8,72,73,70,164,145,41,172,56,107,77,91,78,111,148,114,167,75,66,132,134,120,12,161,130,128
MPP.Ribo-high,ND251_LMPP,159,19,53,84,94,145,51,133,183,115,171,32,124,160,81,33,127,167,88,169,80,17,162,25,1,61,112,67,6,64,95,113,132,74,189,68,92,93,126,13,41,135,3,184,146,144,191,163,161,30,4,192,2,114,83,121,123,27,34,143,119,117,48,69,158,59,11,39,101,125,60,194,153,87,170,129,122,5,151,139,185,38,148,157,31,18,100,131,102,37,156,106,193,9,45,142,166,178,54,175,86,150,75,137,44,128,8,50,26,111,98,82,116,12,62,109,72,140,21,186,85,79,136,172,91,40,103,177,7,90,155,23,43,89,130,104,52,56,190,180,57,110,36,76,149,78,134,55,24,66,65,49,97,152,70,164,147,173,63,188,35,46,118,14,168,138,187,176,73,96,10,16,141,20,108,58,107,120,22,47,42,181,99,105,174,28,154,179,165,71,182,29,77,15
MPP.Ribo-high,ND251_MPP,148,33,129,181,30,173,137,125,183,3,94,81,163,187,64,71,152,179,162,115,106,9,131,91,65,39,83,176,12,52,61,141,119,50,175,73,168,27,158,40,161,70,43,117,25,10,180,151,72,15,36,19,1,86,102,107,54,164,74,147,87,29,21,99,156,66,105,24,143,60,49,17,6,41,97,132,89,47,120,172,150,38,63,138,95,178,194,154,185,16,188,8,192,145,5,90,171,160,26,18,7,112,44,174,59,75,159,14,114,58,2,67,55,56,130,128,124,136,96,93,20,135,100,191,32,116,139,45,4,189,82,53,77,113,108,118,155,134,133,103,186,157,48,146,92,144,142,57,104,126,79,88,85,193,111,84,165,31,140,169,22,184,80,110,190,167,121,149,69,177,13,42,35,46,34,78,123,109,37,51,68,166,127,98,170,76,122,101,182,28,11,23,62,153
MPP.SPINK2-CD99,ND251_34,177,58,31,22,106,140,83,115,143,66,169,9,147,145,7,141,164,90,4,44,1,14,94,95,21,26,191,16,2,6,168,68,142,93,184,70,55,23,190,47,3,126,11,63,116,104,194,136,109,59,159,135,180,13,154,144,167,121,67,160,98,131,51,43,162,138,17,71,151,99,111,193,72,54,161,40,114,38,107,76,178,163,57,91,24,153,171,133,174,36,79,101,192,103,75,175,157,102,60,187,113,130,28,56,124,34,39,148,166,52,61,33,78,5,50,77,89,29,15,80,49,41,73,182,81,125,85,100,152,97,117,35,69,158,120,87,42,186,173,188,37,189,10,65,112,30,62,137,183,155,48,86,132,150,64,110,149,119,128,108,45,134,122,88,185,18,82,172,84,146,20,19,139,129,8,105,92,53,27,118,32,176,156,127,74,96,170,123,165,46,25,179,181,12
MPP.SPINK2-CD99,ND251_HSC,123,1,83,155,31,167,24,150,189,45,163,52,103,154,17,85,127,61,130,63,8,111,38,125,2,22,115,46,66,7,168,35,133,44,188,86,131,65,171,48,27,69,40,139,95,49,194,166,67,90,72,187,113,79,68,102,101,114,47,107,54,145,29,109,110,74,5,82,161,94,42,192,89,39,174,164,106,84,118,178,190,158,80,184,70,159,173,176,141,12,76,20,193,56,21,181,137,146,51,180,128,10,122,149,91,175,55,16,132,25,6,41,75,32,144,37,116,26,18,96,142,30,43,179,57,53,134,58,4,183,172,13,34,81,165,136,28,170,182,129,11,177,14,19,135,62,88,60,157,147,33,140,99,77,78,153,120,138,151,152,3,112,73,92,185,64,191,143,100,119,15,98,93,121,50,87,97,126,156,105,36,162,186,104,71,124,117,169,148,9,23,108,160,59
MPP.SPINK2-CD99,ND251_MPP,119,32,43,146,115,70,56,140,188,24,172,21,147,145,25,110,157,106,174,22,34,189,89,136,1,9,92,49,10,46,141,11,76,149,187,44,116,91,160,100,144,36,14,33,69,42,193,73,3,80,66,186,48,35,60,83,151,113,58,4,23,163,191,96,12,94,109,26,79,122,37,192,124,31,125,173,175,67,181,158,179,180,126,162,47,77,50,127,169,39,101,82,194,137,15,185,170,114,45,153,129,2,154,108,78,105,120,107,95,55,142,64,171,52,103,16,86,40,30,27,72,65,20,190,6,138,161,17,18,131,152,132,29,99,98,87,90,121,176,155,85,135,5,19,88,54,53,165,102,112,41,61,168,166,118,139,178,75,134,164,38,123,143,104,183,84,156,150,111,128,63,13,81,68,7,59,71,28,133,51,130,159,182,117,62,57,184,177,167,74,8,97,148,93
MultiLin-ATAC,ND251_34,156,2,19,111,116,100,31,173,184,95,139,14,145,164,71,90,93,21,152,108,13,133,37,38,4,27,185,83,157,59,149,110,189,75,190,126,46,24,128,68,1,143,8,109,18,10,193,135,105,84,39,179,58,35,97,114,103,178,48,5,66,125,29,57,113,122,64,74,117,119,70,192,154,25,187,158,88,73,63,181,168,80,81,102,107,182,170,163,146,86,124,118,194,121,22,188,175,171,7,127,52,98,166,162,56,144,61,47,40,65,136,50,147,67,169,33,92,51,89,87,104,36,112,155,42,26,137,53,6,78,160,44,62,41,115,167,32,174,183,153,9,172,23,99,131,72,177,45,180,101,79,94,77,165,54,150,28,140,82,176,34,161,148,17,132,96,191,138,130,123,20,85,15,3,12,141,49,55,142,30,16,120,106,159,186,76,134,129,60,43,91,69,151,11
MultiLin-ATAC,ND251_LMPP,35,114,95,167,25,78,7,139,146,93,135,23,20,105,121,73,173,152,11,72,53,147,52,144,30,9,127,96,3,61,193,82,60,90,161,29,39,62,54,37,150,119,126,155,184,148,190,87,12,172,180,178,100,19,122,56,27,157,84,2,88,99,22,174,67,124,41,153,77,85,18,21,91,43,26,158,97,141,128,98,108,58,86,177,138,181,192,191,183,143,5,10,188,113,28,182,171,130,42,145,112,80,151,109,32,165,133,13,129,81,8,16,92,69,136,6,49,36,68,115,187,74,51,110,63,50,134,111,59,189,120,94,117,118,38,107,17,186,65,166,132,159,57,47,45,44,163,71,89,34,125,1,70,175,31,164,162,101,40,131,4,116,76,149,102,104,75,176,64,106,55,15,66,83,24,103,169,142,46,156,14,140,137,79,194,123,170,179,154,33,160,168,185,48
MultiLin-ATAC,ND251_MPP,62,2,122,113,144,156,168,172,185,83,133,30,181,151,100,68,119,53,85,71,48,57,89,39,44,43,186,23,67,112,117,52,41,177,184,111,127,97,147,46,26,61,13,170,105,45,193,183,167,95,16,92,17,64,84,24,78,187,31,58,124,136,70,178,9,25,28,149,109,77,36,192,87,135,169,189,191,155,72,139,188,165,190,130,1,174,157,98,163,159,150,182,194,5,171,176,121,104,10,93,140,11,56,42,80,123,15,37,27,50,21,20,29,3,49,4,154,35,137,108,103,40,60,65,54,162,18,7,19,179,94,138,86,166,91,173,32,148,90,180,81,125,69,38,134,76,131,82,158,132,8,118,145,141,142,101,114,164,143,160,102,153,34,74,110,51,128,33,175,66,115,116,161,63,129,22,75,99,73,96,6,106,79,152,59,146,120,107,126,14,47,55,88,12
pre-Gran.CP,ND251_34,62,22,77,163,120,136,119,154,191,2,177,11,133,58,14,160,56,107,125,80,45,189,73,44,1,97,159,105,8,99,158,74,147,104,192,20,96,16,82,108,152,141,6,123,181,79,186,85,117,21,26,31,23,94,25,112,126,41,32,149,28,61,193,162,75,36,35,102,81,24,57,178,171,142,50,139,115,176,59,144,184,148,113,135,39,128,188,42,53,84,132,145,194,5,124,180,190,185,47,55,174,71,40,114,76,134,116,54,51,19,179,34,175,110,92,17,131,67,18,170,4,169,63,38,15,91,68,3,129,151,52,12,48,27,109,60,166,46,146,78,9,168,118,87,167,122,161,140,121,138,49,100,29,111,10,43,69,173,172,187,88,33,155,143,137,37,66,89,156,183,13,7,70,65,64,150,95,101,106,98,83,153,103,157,72,130,90,182,164,30,93,86,165,127
pre-MEP,ND251_34,146,9,22,98,67,160,84,174,180,8,170,82,107,159,10,124,178,122,126,110,63,64,27,112,1,11,113,43,73,49,179,18,164,92,186,65,89,118,167,17,115,97,20,131,154,51,191,85,38,171,69,183,2,60,71,145,105,102,41,142,80,141,188,134,37,103,104,94,48,129,6,192,72,61,161,96,181,58,35,144,135,169,68,149,55,114,136,166,147,7,81,59,194,16,46,190,177,32,53,158,95,12,93,127,13,187,29,155,165,25,66,23,88,3,52,44,153,21,140,109,111,30,28,148,57,76,130,99,4,83,128,106,34,133,100,108,42,87,125,184,36,157,39,33,132,121,137,31,162,56,62,45,70,79,119,139,189,120,150,86,14,175,156,40,123,26,193,151,173,185,78,168,116,47,19,91,74,5,90,101,54,182,117,138,176,77,143,172,163,15,75,50,152,24
pre-MEP,ND251_HSC,129,131,64,47,81,184,95,163,168,125,173,84,91,98,69,74,76,111,181,149,22,103,5,41,183,13,164,73,192,55,79,37,157,114,189,6,45,161,150,48,12,92,9,174,188,126,191,101,119,154,26,34,2,97,117,66,132,49,105,158,42,134,113,160,18,54,60,11,39,89,25,193,109,57,171,180,118,87,115,40,169,20,102,108,107,147,3,110,65,27,162,46,194,15,68,167,190,175,116,145,120,4,70,137,31,135,50,83,43,36,166,88,172,86,170,94,151,33,75,93,123,32,21,153,148,51,112,152,10,130,144,7,82,96,182,138,16,100,106,127,63,159,35,56,139,62,186,128,146,14,67,178,142,8,140,122,136,143,176,30,59,187,44,133,185,28,80,52,155,24,19,38,165,78,17,85,104,61,71,53,23,141,124,72,179,77,99,90,177,58,1,29,156,121
pre-MEP,ND251_MPP,122,38,27,104,71,182,93,145,185,1,151,65,97,156,79,88,121,171,159,112,10,162,22,69,8,6,168,35,62,15,166,74,153,94,190,100,127,73,41,68,20,72,9,106,173,34,191,117,167,52,18,186,14,32,19,161,98,125,16,83,89,130,84,102,59,75,49,40,118,147,2,193,101,61,136,134,165,126,64,149,188,174,96,132,50,160,85,178,120,13,176,114,194,21,82,175,189,90,66,76,164,3,146,135,53,180,44,48,105,99,77,25,95,7,91,67,92,60,46,109,113,36,80,138,45,42,150,58,4,157,108,39,28,63,139,116,57,141,158,184,5,183,31,24,137,140,154,78,181,103,37,119,163,54,133,86,111,123,143,128,17,129,70,81,142,47,192,144,155,170,56,33,87,26,30,179,51,29,152,107,55,172,115,110,131,124,169,148,187,12,43,23,177,11
ST-HSC.PBX1,ND251_34,62,7,15,42,69,150,61,170,140,25,173,11,85,94,113,65,38,120,137,100,55,174,67,74,8,1,128,53,29,21,146,89,40,106,192,6,47,177,117,92,87,50,83,143,23,154,187,68,43,18,80,189,4,34,130,132,82,167,20,129,66,139,58,123,54,96,111,14,91,147,45,182,148,75,176,51,184,118,86,152,175,169,98,126,33,161,144,124,180,3,178,133,194,164,48,160,190,16,138,142,149,36,104,107,35,166,32,112,76,185,156,135,64,30,73,60,141,26,78,59,39,49,24,165,110,114,57,9,72,46,90,168,13,125,105,22,81,179,71,151,52,56,17,10,121,31,99,101,163,103,77,116,157,37,136,88,108,145,122,127,5,186,162,19,188,63,193,119,95,102,28,79,115,27,70,109,183,97,172,131,2,158,181,134,84,171,191,155,93,41,44,153,159,12
ST-HSC.PBX1,ND251_HSC,79,13,32,75,46,184,93,161,178,20,147,33,122,111,2,51,90,99,136,60,5,138,71,56,76,15,171,69,63,30,185,129,135,101,177,22,131,31,48,94,10,103,14,172,153,55,193,145,155,170,6,176,1,35,34,139,104,112,41,119,57,120,98,140,96,29,26,17,44,106,50,192,81,65,126,107,83,66,87,158,189,180,73,173,72,154,169,148,179,68,146,67,194,127,61,188,190,121,58,100,156,19,89,167,39,186,28,78,116,97,125,42,117,3,95,54,113,132,77,88,85,11,80,149,23,40,133,25,7,82,174,74,37,91,130,128,105,165,152,134,27,150,12,53,175,102,157,141,187,108,36,92,160,43,62,49,142,64,114,163,16,151,109,59,162,70,191,166,45,137,4,47,124,24,115,86,123,52,118,144,9,182,181,110,143,84,159,164,183,38,18,21,168,8
ST-HSC.PBX1,ND251_MPP,175,14,86,79,70,185,146,81,183,13,124,29,92,147,112,151,19,59,35,159,21,157,43,36,166,3,128,25,158,23,143,98,173,63,184,24,115,83,171,108,53,78,57,167,126,88,193,93,172,105,8,189,2,127,87,133,99,69,31,125,138,56,140,54,16,71,65,55,152,74,46,192,122,22,121,58,72,84,42,106,190,165,85,155,52,141,9,150,123,97,76,39,194,6,33,187,181,27,144,162,182,60,96,134,37,136,113,90,62,80,51,82,68,11,104,77,95,50,114,145,132,41,139,186,168,17,148,118,20,111,174,153,30,101,131,94,89,120,178,164,4,135,47,34,28,109,102,67,176,149,100,40,169,18,75,177,38,170,110,103,10,119,91,15,154,26,191,12,142,44,1,64,61,49,66,117,129,116,73,48,5,180,156,179,163,130,161,137,160,45,32,188,107,7
