"Cell Type","Sample Name","AHR","AR","ARID3A","ARNT","ASCL2","ATF1","ATF2","ATF3","BACH2","BATF","BCL11A","BCL6","BHLHE40","CEBPA","CEBPD","CLOCK","E2F2","E2F3","E2F6","E2F7","E2F8","EBF1","EGR1","EHF","ELF1","ELK1","ELK3","ELK4","ESR1","ESR2","ETS2","ETV1","ETV6","FOS","FOSL1","FOSL2","FOXA1","FOXD2","FOXM1","FOXP1","FOXP2","GATA1","GATA2","GATA3","GATA4","GMEB2","GRHL2","GTF2B","GTF2I","HEY1","HIF1A","HINFP","HNF1B","HNF4A","HNF4G","HOXA1","HOXB13","HSF1","IRF2","IRF4","JUN","JUNB","JUND","KLF1","KLF10","KLF3","KLF9","MAFF","MAFK","MECOM","MEF2A","MITF","MNT","MXI1","MYB","MYC","NANOG","NFAT5","NFATC1","NFE2","NFIC","NFYA","NFYB","NKX2-1","NR2F2","PAX5","PBX1","PBX3","PGR","POU2F1","POU2F2","PPARG","RARG","RBPJ","RELA","RFX2","RFX5","RUNX1","RUNX2","RUNX3","RXRA","RXRG","SETDB1","SIX5","SMAD3","SP1","SP4","SPI1","SPIB","SRF","STAT1","STAT2","STAT4","STAT5A","STAT5B","TBP","TCF12","TCF21","TCF3","TEAD4","TFAP2A","TFAP2C","TFAP4","TFDP1","THAP1","TP63","USF1","USF2","VEZF1","XBP1","YY1","ZBTB7A","ZBTB7B","ZEB1","ZFX","ZKSCAN1","ZNF143","ZNF263","ZNF384"
"M1_Macrophage","P1_2020Oct",0.05389642568927,0.0379954025836722,0.0135646061112052,0.0201023179241548,-0.190400574753128,-0.0494715934612916,0.20267774262292,-0.186899656802239,0.0017114191756926,0.0285687792998562,-0.107988119422571,0.0314969221673367,0.00695504833566035,0.0686735871995391,-0.046267263536925,-0.0645274445691747,-0.115139344956663,-0.0761447896306582,0.120897328330042,-0.0856418780298721,-0.00695043869868746,-0.0449367323261609,0.0456421752329396,0.149896278464303,-0.152653607743272,0.000306249574468967,-0.0900433101794475,0.0246737366448786,-0.085399804726056,-0.0614879676458274,0.130641537091363,0.0517813627675696,0.410766066998933,0.183767734752602,0.00532887839176458,-0.010293228756342,0.0285396740711772,0.0155038434778138,-0.0780710488066062,-0.123597610649343,0.0224209474839051,-0.0369035945544314,-0.00339241778182924,-0.115121801916784,0.0403735343661949,-0.151480953980493,-0.0746162965000139,0.397251493642562,-0.0479011832637503,-0.0888171780147552,0.0325973728338261,0.00197791813566994,-0.0476037325020181,0.0685054229544284,0.0312857801552854,0.144865389407325,-0.0938081352472206,-0.109448333380335,0.0326470231136505,-0.116128145404296,-0.0575913760011345,0.102518843468279,0.40585007696562,-0.0782622502711583,-0.0507196916910482,0.0361713907962508,0.0226723922355778,-0.126786968430123,-0.138128437884944,0.0731219869280018,0.0465478406225402,-0.0869570270254455,-0.0599492100588558,0.0440056129551205,-0.117501222198093,0.046953588822916,-0.111415253433744,0.0293453181019243,-0.0508068718928486,0.154203353067358,-0.0461392073331124,0.0465025561773388,-0.137172668589359,-0.09927693039156,0.218070494951756,0.0113094836871612,0.0489385381071597,-0.0451843314360667,0.0279817102690084,-0.00375641701827145,-0.0267615823734451,0.131252431691072,0.00858633846377826,0.137780552547401,0.0674577087513092,-0.0509481054199275,0.218476457161728,-0.15387336805579,-0.0983445531135435,0.0340860344816339,-0.00466700965313988,0.0889991332140397,-0.100689692685099,-0.0249939818241837,0.0225569372752063,0.0644110744664504,-0.0125294376807307,0.196873709470913,0.0265640846319156,-0.140617525203942,-0.00245226586569042,0.00279547461770828,-0.036739428707387,0.0340880957148759,0.0292482298489397,0.0634609095100128,0.00304309077101032,-0.125253546634231,0.165235564748923,0.0309690570901289,-0.0914809916507041,0.069272094562056,-0.11577061620984,-0.160351230113153,-0.0767850967365413,0.0352129653624729,0.145564799671937,-0.0307788550234779,0.00175792992113102,0.0291780347920741,0.141644771556436,0.0491764354730733,-0.0330499829266108,-0.0250511175638578,0.0757358217782002,-0.0261320524996336,-0.0197863939523403,-0.0431076400937342,0.0484307015907451
"M1_Macrophage","P2_2021Mar",0.00151877648027072,-0.0201769730473527,0.0894566766856537,0.0718005401810304,-0.228018594242856,-0.0379244878499033,0.222491276846102,-0.146642759271328,0.0741007366774882,0.00559087848701369,-0.093768429926729,0.0303118091615888,-0.0197252622260428,0.117828222240369,-0.154855873168088,-0.0828653454566407,-0.0886209407225878,-0.177372141559903,0.18593076285321,-0.00580086787067019,0.00305681490402802,-0.0311723089610385,-0.027629844104194,0.156686635890678,-0.150795238994947,-0.0257170952723634,-0.0508346256262657,0.102648840709515,0.0752148778099866,-0.0611326974879125,0.0933016902558276,0.0199691940960518,0.280496060678486,0.115336842987401,0.0917913929225421,-0.0650468677814022,0.0499205972440652,0.0308316975264686,-0.1340922669032,-0.142693127843311,-0.101173061552459,0.0533653320758742,-0.0997111509132898,-0.0800737375854323,-0.108170991465962,-0.112149527549474,-0.136555642695223,0.264861709334313,-0.00879559422190592,-0.14357556476639,0.0658420021300791,0.0732176666479048,0.00388092751834416,0.0307300326046951,0.00349067672983548,0.160839609421982,-0.0381543373002468,-0.00681273691721897,-0.0341508792047603,-0.044891365542883,-0.0107432423188433,0.0475723342910874,0.394699022121701,-0.0919804434991665,-0.0085982721617454,-0.0115697576340018,0.184782016839436,-0.118065606980101,-0.113196759354612,0.193412976147777,0.0530000885813607,-0.0808085670757555,0.0118078583270657,-0.00535070533428266,-0.0978087532007141,0.0337694971817526,-0.0768434437635381,-0.0609848980086784,-0.00692279355371771,0.0330272614820742,-0.0739996385813192,0.0451243297955136,-0.143872141211433,-0.0345324407986427,0.0006942921686761,0.0178820057948666,-0.0615757214208652,-0.0294633334018266,0.0722544251677391,0.054096609766616,-0.0400205909453247,0.154658326180959,0.0583043210060799,0.156317549796968,0.0367016967202474,-0.0681613435814885,0.231340603142548,-0.185211898954003,-0.0177141277778201,0.0494768374267161,-0.082456991083117,0.228346969695395,-0.0414934903085735,0.117140976528183,0.0110632117433611,0.090183683275894,-0.0513296973826214,0.0611147083989641,0.0267451028294799,-0.0947918583441637,-0.0605532117156049,0.126111777402417,-0.111929591515815,0.0670856390151095,-0.00338641693871684,0.11576013952954,0.00161437442790256,-0.158098783170251,0.193418301187121,0.02185253715392,-0.123358077844702,0.0676859703504385,-0.0226647490914198,-0.0538684733934561,0.000461420008477821,0.00497080430088983,0.11318875427211,0.0100242910061282,0.0588400284187161,-0.103142455438188,0.236146757595754,0.00750216909756309,0.00526943887425228,-0.0579937671235988,0.0235639518904268,0.0734626210768562,-0.0413603203746726,0.070586556625291,0.0109052688453756
"M1_Macrophage","P3_2023Jan",0.0216387018575605,-0.0316954930121096,0.0360302511234877,0.0438163283641651,-0.112943333239439,0.117978136337624,0.172994578710242,-0.113273171283325,0.0403729477917701,0.084557109329387,-0.092342134200792,0.0820496238769073,-0.0576965344310539,0.136845733456341,-0.0389494849341981,-0.118164502702673,-0.0896724981013323,-0.125174002328525,0.11342673302622,-0.113663033741944,-0.00804128141319315,-0.0196277966389632,-0.0902393237484685,0.143036006516996,-0.231571849658978,0.116274239208921,-0.0361162697638684,0.11754069593474,-0.0432917933928321,-0.0751455844520493,0.0853934478196716,-0.060776961755918,0.34978712297522,0.0397146924905185,-0.00211717077750258,-0.00690459054016209,0.127225252481735,-0.00962245259532727,-0.06408021231131,-0.0467197902544507,-0.0298877050188058,0.0107496014774149,-0.00398376197181472,-0.0685340471776754,0.0332860660058638,-0.145377827168244,-0.0906638230545462,0.23120213128126,0.00987885198480293,-0.0191781168947581,0.0359251293498788,-0.0729297949505265,0.0301033572328373,0.0363304535950589,-0.000755407013597044,0.108883355231003,-0.0652996340464026,-0.045857157655632,-0.0243816859280247,-0.0108894805385212,0.00424666098904939,0.155557206865786,0.355411777859555,-0.0314467414237074,-0.076479369164758,0.050764868467291,0.0625062628219686,-0.0984088657072756,-0.0980856171082881,0.130858959714186,0.00851321181763691,-0.0873095869489865,-0.0610261111169757,-0.035410747763024,-0.0269873936771421,0.0331748912051422,0.0430767062986036,0.00247349405188034,-0.0178468452098969,0.0928839551447063,-0.0352935990244357,-0.0030768597838414,-0.0392956943746559,-0.157819179119571,0.0554444957059929,0.035884991581837,-0.0953628574472264,-0.0502466084934351,0.0357921193694033,0.091148573653697,-0.0576456402144129,0.195169985361028,0.0344859807279928,0.0249078102551689,0.0058683730728063,-0.0146312955478667,0.0721730621972694,-0.123955359919909,-0.106235142087312,0.115621074236928,-0.0928783913399516,0.0553560835620294,-0.121849906658148,0.123455891212727,0.00940575342102452,0.112970350479052,0.0319367659641072,0.0631310703412929,-0.094966909254622,-0.172920883672953,0.059669660770949,-0.0141987411810473,-0.009522284386541,0.0515870229773332,0.077728863540543,-0.0372769659472579,0.0480790924393221,-0.0818148490057988,0.0758041584738372,0.0192175010509611,-0.0959030800838657,0.167143871742752,0.0192363676425261,-0.0749715152055383,-0.134489945639467,0.0336692864874863,0.126741298021834,0.0911468767443342,-0.0444930740806601,-0.0139809828071475,0.216299628662655,0.2267817157371,-0.0243128754068348,0.0518927850119772,0.100792393707579,-0.0512915042976671,-0.024647567999926,-0.029883132325134,-0.0182662467264113
"CD4Tcell","P1_2020Oct",0.0186016895337068,-0.0166332415649459,-0.0746778964398932,-0.0662983260174491,-0.106332192789724,0.0048695330524099,0.0694512230181037,-0.163346109517163,-0.059025178904243,-0.00200533702298861,-0.0949219364384113,0.0835747202753294,0.0164608431112901,-0.0171093689309421,-0.116464198402574,-0.0929244944746919,-0.0835473667024932,-0.102639979756475,0.195445048865821,-0.239029491947121,0.0236486575582666,0.106965083890811,-0.00660513800422059,0.05061863928075,-0.0129897273804855,0.0898287378375815,-0.162745134014246,-0.012577344536558,-0.0648959221369199,0.0360771922963114,0.248709768372873,-0.0676491086475357,0.40775526919625,0.176595297156632,0.0544637698372359,-0.180824954112389,0.0372054139404209,0.00335585536930547,-0.00630964830674998,0.0597866614829821,0.108462494051238,0.0455024506382327,0.0655189850026388,-0.11497498177846,-0.00872913724912346,-0.138410261611689,-0.0178070760164249,0.181826713300952,-0.141277563610786,-0.0480617143696055,-0.0119727558948856,-0.0121046718949666,-0.200575425506,0.009260656543886,-0.0253436521630724,0.0957691744174176,0.0109938426793353,-0.0100971606135812,0.133605775961377,-0.205528501360548,0.0143812940112819,-0.0340064011226567,0.298630728759672,-0.061790092409284,-0.0163269511033129,0.136206571668529,-0.0588996585332572,-0.0685672989245497,-0.0852728751167769,-0.00690796149634908,0.119163029510556,-0.108079371713218,-0.0768659230837245,-0.271599575861241,0.0223392690394534,0.165264640986523,0.0230166415499055,0.0438656737935731,-0.063462819182859,-0.0779158399581372,-0.0672672489188277,0.033695249743275,-0.0406784053796594,-0.103608166257755,0.079947077368378,0.00958349021263715,0.00318541694694325,0.186519219484527,-0.00752412798839372,-0.13854766338951,0.0205656820883366,-0.0745690818969766,0.0917794789338822,0.0596074087374221,0.0690216413904955,-0.0614716018289105,0.0802257928833184,-0.0572189438398597,0.00657704612209555,0.0951156935714564,-0.000330131395605972,0.0158108138589165,0.0851992116694261,0.0461337829982434,0.00703537058542884,-0.000297078186580511,0.142211763586093,0.0272622935697858,-0.0748002485231806,-0.12163574062282,0.0205625748166845,0.0192529110082944,0.00732378221112335,-0.0670846088227992,-0.0100910122271436,0.151834420689199,0.0626117638610889,0.0865896106836227,0.307717094856832,0.0572502810437839,0.0121096341260464,0.124058027578667,-0.178685971930564,-0.0208407117177913,-0.000761282050925721,-0.0380364024491227,-0.0463970189440971,0.09449321922304,0.131101038303538,0.037122071630657,0.113999127131854,-0.104889368153139,-0.0373779058640801,0.0101847822144459,0.064456895887802,0.0154101397602894,-0.0372414204127489,-0.148330373375,0.0523097127439645
"CD4Tcell","P2_2021Mar",0.0391425460163711,-0.00713073854579113,-0.137379010450502,-0.00578795987883236,-0.0549821070306793,-0.145310829724151,0.0765677640453719,-0.188784335741077,-0.0165330111398496,0.0452372033338271,-0.153927318634649,0.0944379429524152,-0.0231633235999332,-0.0365852908759793,-0.175895810008917,-0.0861154877691148,-0.171698034556952,-0.110823868293394,0.0477058283888372,-0.157858935129195,0.178656912665839,0.197740953820806,-0.044527108077826,0.154046544469863,0.07285727077743,-0.00604521240623647,-0.119546636196573,0.0888608613894107,-0.0317236584198562,0.0451094411379593,0.202762005036918,0.0340886168266784,0.483659562642246,0.221997214424362,-0.132167250112934,-0.182036002594307,0.0857375314764589,0.0765371297829457,0.00949750772374155,-0.027390094642739,0.0207988086282391,-0.0496412059371538,0.0830250007827753,-0.160778717553864,-0.0351731794240062,-0.100545306995801,-0.0229401467198402,0.215389034380198,-0.0561542223350047,-0.0860700826238869,0.0135537659879096,0.00885847565898908,-0.231641956046363,-0.113717748680513,0.00613078096818674,0.0255732558261082,0.00350642602828867,0.00278387741631004,0.0990974131035185,-0.0229490776928309,-0.0355437279284958,0.0366315277206348,0.37546594999887,0.0239983718905239,-0.0487147666540132,0.0325591291843106,-0.0768453883837606,-0.074864369983512,-0.0363187128713903,0.105935924290522,0.068654745398208,-0.186688722317615,0.0262707090939041,-0.136605559226768,-0.0609755198173892,0.156634987568397,0.083280303789207,0.00909583476131013,0.0790561978615493,-0.0960353019661316,0.0117290716266473,0.0597493472521044,-0.118234601978855,0.00774396052805456,0.124868752444002,0.0385338186287434,-0.0307191398628957,0.0154453940006352,0.0698692633370236,-0.0240425425317948,0.0257046626263997,-0.061725988059924,0.0225546467978664,0.10838174430009,-0.0200901641949962,-0.0951586089486947,0.0400492825753403,-0.153556665621602,-0.0555416778559844,0.0342184324590595,0.0897493812065259,0.1907126968085,0.171928093331914,0.0776506064109863,0.0190927560603429,0.0593562246110915,0.0878354966100729,0.17816570142539,-0.0643518634538765,-0.181444744933452,-0.0365061437530671,0.120364902652584,0.0110719496490745,-0.0184153783753077,0.0326381414449753,0.0854596326706507,0.0549406290347825,-0.00460621097691435,0.25754023024939,0.0440053933704723,-0.150699763685332,0.156352037372694,-0.171562616827946,-0.00127278279712681,-0.0708832424921539,0.0379116741879847,0.132971866749417,0.0144679068839892,0.0803278541113552,-0.0951596164707869,0.174308559938956,-0.0162164226462097,0.0845667454309068,-0.191584882207956,0.00332330631401723,-0.0480565686675417,-0.0909872476468877,-0.129261068677906,-0.0101832258298988
"CD4Tcell","P3_2023Jan",0.0345045734546684,-0.0110119804585271,-0.0835836271518298,0.0195550240723831,-0.0887553597906271,0.028293619418771,0.0767513788323568,-0.10282506334672,-0.0167244584433411,-0.0299155648977321,0.0223939786013409,0.0184012863974499,-0.0308146573717143,-0.0839684331730134,-0.0749112448931104,-0.114009448649579,-0.0618546711072692,-0.109059507303576,0.0405424327906797,-0.0748434841421215,0.062587033295121,0.0614702618515572,-0.0372714764439997,0.132340049660835,0.00196037533481596,0.0949187573763093,-0.0811063591879062,0.0527168575050759,-0.102901068852348,0.0639383299047251,0.141824070237033,-0.0365882773426923,0.310010237761912,0.144817361494896,-0.0433081915829383,-0.143898381747493,0.030652858849394,-0.0166678897702384,0.0127975523141432,0.0212338893033949,0.0783839790077518,0.015162331488091,0.0612214968281038,0.00833170097863052,0.0075668396634392,-0.100527725642501,0.0525534962189334,0.259013988534449,-0.0325325177354408,-0.00528563097250904,0.00978133640988036,-0.0284070755380433,-0.0989306030006263,-0.0527166162532947,-0.0211758520695943,0.07305070655757,-0.0103605905438299,0.0513113689251886,0.101075937620605,-0.0898771146839244,0.0429016906613058,-0.00384182884947253,0.304113753173295,-0.052858214982646,-0.0655161329697556,0.0309703238489902,-0.00631481137010215,-0.12158876828301,0.0676576634594348,0.158090810517977,0.0399578372813691,-0.021805205276878,0.0232687775558794,-0.173202648057737,-0.0702219531618597,0.195696458027639,0.0299367570187738,0.0178210919320691,-0.00829191011196202,-0.0564893942126314,-0.0440436929205449,0.0734983809530413,-0.0222032427996704,-0.0259325196453159,0.0234738132323884,-0.0117812936236614,-0.0829618882340625,0.0163498838993724,0.0698048562107818,-0.00287961863183819,0.014766425617413,-0.066262663016531,0.070631557119198,0.000595085852750095,0.0241297178127968,-0.000963015010522446,0.109014904088285,-0.056926972205073,-0.0120812205618234,0.095591328113988,-0.023073566066113,0.0353450250861609,0.050464469669741,0.0837995401166047,-0.017279492792789,0.00426923006632952,0.0785173141494372,0.081160294380475,-0.0526087384207915,-0.0655397699158506,-0.01762628026084,0.0418027564637586,0.00431448880554578,-0.0264980605158264,0.0122095733884663,-0.0655149151976007,0.125239203058253,-0.0381641397035181,0.297150999699183,-0.000898625799557531,-0.0601588551091264,0.0209809890358946,-0.0387803765008379,-0.0394794880879219,0.0778213219461567,-0.0720951704119586,-0.0394811954610712,0.0296030243541173,0.0500283216286646,-0.0131226030793605,0.143187398158059,-0.0548599562077245,-0.0426959051815904,-0.00546459475532714,-0.0136092808060977,-0.0204437744127459,0.00159761743525949,-0.0255115268360783,-0.0281195522832095
"Bcell","P1_2020Oct",0.0402419482820557,0.0118705568511121,-0.0255263845130146,-0.0688364601247493,-0.00829149161452767,0.016324214949041,0.0626834237021292,0.0091883590363715,-0.0257212909550298,0.00428605060579818,0.0535393192777337,0.0124810331766578,-0.00700849384226382,0.0118632910460405,0.014360604801652,0.014342110598746,-0.0492133387644179,0.0353371684753019,0.0479469799605391,-0.0242948314623634,0.0038585407651999,0.0545116225978747,0.0104207282665245,-0.0240686323447593,-0.0155363609537002,0.0404267284051992,0.00785726800321828,-0.00998497651987569,-0.0300652159497659,-0.00736455550044777,0.0312862626618637,-0.017203876153921,0.117885910568455,0.026335979094191,0.0253023641457649,0.00648802460014234,0.059491777606602,-0.0257375797392921,0.0872970042896171,0.0714176969846054,0.00646087637232546,0.0581013799853733,0.0560579326462402,0.00582141476888189,-0.00613992419224707,-0.00249513961038619,0.00272456257818381,0.108179875940207,-0.0204226089901414,-0.0486964973324469,-0.0537126264505366,0.0143609058546165,0.0467912312210119,0.00817228919883065,-0.00703723095410004,0.0689722524496073,0.0416770337914437,0.0216954645904048,0.0484235032983223,0.0419481154565145,0.000947522647771917,-0.00213816380533146,0.0755754957452151,-0.044054605347271,0.0914378946471388,0.0099406005714452,-0.0405327587730323,-0.0762629503623541,0.0114075634470467,-0.0199910938291266,0.0378432377344467,0.0153267730444909,-0.058318769809164,0.0163661685281093,0.0202780983607759,0.0100217679390531,0.0154179170352631,0.015105094892425,-0.0491820704044809,0.0433098887386276,-1.84975726067753e-05,0.0323707440429437,-0.0140205545309575,-0.00402471508159304,0.00966770278457702,-0.0174612982590765,0.00905553591427346,0.0614324584455068,0.00671747530609707,-0.0288430433358822,0.0818905899793586,0.0222093195247546,-0.00931557857962731,-0.0104410866259427,0.0492612389156742,-0.0599381226981348,0.032486249337761,-0.0430152105570351,-0.0688893863670123,0.0195370220317345,0.00251189639342338,-0.0133616829101417,0.0133564826055379,0.0445266262707955,-0.015905763660566,0.0251701096036597,0.010964514976696,0.0150047617437051,-0.0329877436029855,-0.00245920168276127,0.0350136451303691,-0.0643977142317612,-0.075406107150496,0.0160957467725338,-0.0478905734654456,-0.0260604220243724,-0.016802551230851,-0.0517026988155664,0.0525228552029495,-0.047123499743286,0.03500165517931,0.0818300310150045,0.0211449023338817,-0.0386151322338851,0.0200544138442604,-0.0121619501851587,0.0507074418186107,0.0304833150790876,-0.0341895143255979,-0.00786690093837351,-0.0140791670899341,0.0215590220001744,0.00891112138572617,-0.0507221995317198,0.0491344258457657,-0.0171108694433135,0.0262210289201541,0.0068819047329704,0.065984031745784
"Bcell","P3_2023Jan",-0.0175803892508268,-0.0947062505247938,-0.0993335049909913,0.146529356378501,0.0144386964841956,0.0657691551368238,0.0647050175921968,0.00247928986981269,-0.0360346076430578,0.0621876209318574,-0.0339792590574967,-0.0130968152279145,0.0117181096621585,-0.111002355261381,-0.085345118106239,-0.0660778931923453,-0.152864279159602,-0.0839204841297548,0.148383527315366,-0.0467656446221875,0.0915071720724696,0.0476377102115813,-0.000417379191137443,-0.0743020476586797,-0.0817886120417282,0.0240319893582457,-0.0032113302684375,0.130649947664818,0.0641425877878959,-0.0156229749768662,0.0103012863591286,-0.00411458041365112,0.166560350048357,0.0977080520831477,0.136744255718452,0.122180705165939,0.170466474050809,0.0812816390052911,0.000797853363622172,0.0105799143605618,0.0267233092400852,0.0220827644958783,0.0504867075552402,0.00320571761540357,0.0166667044935691,0.00787456674834769,0.103028123732112,0.0786102515200934,0.000488696633977237,-0.00729328380347618,-0.0326638787728086,0.029899282618408,-0.0765040242122606,-0.0515120556720411,0.00439945369195515,0.0775752957675033,0.133661980727359,-0.0980529297687776,0.0139545219731245,0.00441969245612703,0.116818197785003,-0.00838943658889131,0.216593358068513,-0.0428343505824935,-0.0184935996878184,0.0191222622358598,-0.0917605808486812,-0.125551903669197,0.0419695320185456,-0.0804987257793736,0.00860723842239184,0.0634899603891393,-0.0217488350378759,0.0207974117911867,-0.0454689417369806,0.088152022423102,-0.0371202426455131,-0.0197872586447229,-0.0500977517175127,-0.0352949826619923,0.0501459630817642,-0.0671422782332308,-1.37192614383048e-05,0.0428231681581127,0.200643749163652,-0.0940918181338634,0.0623744126786371,-0.00418549057796399,0.0185040045054159,-0.0645081118897112,-0.00815025187196395,0.0144459125883793,-0.0594541232098024,0.0245347350249975,0.0225264652706547,-0.0300946899956898,0.0149749740695058,-0.0377164203996397,-0.104374361713152,0.0356936138915302,0.0379166694032131,-0.10707477935376,0.00212409348664862,0.094618220813658,-0.0209970922131425,0.057488604852087,0.00909908212105416,0.00635745645910111,0.124648083348012,-0.113762287952832,0.00560932542498144,0.0171464170158468,-0.137612282718319,0.0645546890096324,-0.0147467221297622,-0.0877789796453436,0.00406641009552416,-0.0712695793002208,0.130281365993104,-0.0120350133767914,-0.0090696906917322,-0.00747252937672255,0.0100687286882356,-0.0013639226198361,0.0562193963726869,-0.0281467933626903,0.0691511498612122,-0.0293649907414621,-0.0400048744763525,0.0916055802750662,0.0353240116931362,0.0108885245915776,-0.0148232493343509,-0.0257478523795707,-0.108703277850748,-0.0416812711502152,0.00200659327496885,-0.00477226337592688,-0.158521030770764
"Malignant_epithelial","P1_2020Oct",0.0173463976729102,0.013488724040578,-0.0540068428965127,0.0800371158552742,-0.0495802076719166,-0.133208888008508,0.0298126163868266,0.130337452285094,0.00303760600137358,0.0744655953301683,-0.068724852289547,0.16276650551941,-0.0450304766111951,0.0314171753556355,-0.0696773461800511,-0.0538073677968962,-0.0517940999572517,-0.10163426435687,-0.13292201841837,-0.0742903858615241,0.0287147989780656,-0.0432811501407886,-0.0173240404942703,0.0406596650911004,-0.0190775969540306,-0.0376926106374037,-0.0143163856184098,0.0982689472565874,-0.0372980582162051,-0.0776849933511895,0.0800865222936137,0.0769212664882079,0.455734993599627,0.144515465684839,-0.135382125043288,-0.0891458807846141,-0.00443070943792176,0.0397401548452572,0.0655718057255589,-0.0286877886416918,0.0633629668430033,0.0577993781833161,0.0344651549088596,-0.282828269779872,0.0420501739541886,0.00334169753676576,-0.0547518411779396,0.366123506141122,-0.0712650656837994,-0.0201546629818719,-0.143435400538587,0.0484717139844804,0.0321366971672287,-0.00366792260366648,0.0532621021661199,0.000207696172310014,-0.20124803537351,0.0763919871998852,0.0132904843786947,-0.127359692106288,0.0129853982541494,-0.0215131901577516,0.258986208730392,-0.13654486441504,0.0837962006452873,-0.0324851661186654,0.226728404043998,-0.0350756326622536,-0.0250847401807262,0.0838060157735207,0.0832616875091042,-0.0284344648284868,0.0863481832008924,0.043973560311741,0.0210532314073754,0.0756501471079866,-0.00693355836048058,-0.0272571154266024,-0.0191901708820186,-0.00247151508942628,-0.083902523844197,-0.0157308486442398,-0.124082231073141,0.00707194458614651,-0.236801744012077,0.0252420435695373,-0.0734785808751757,-0.0403985550275293,0.0678905169939847,-0.00966663460076616,0.0482611859586232,0.0770818423320805,-0.00281657988696596,0.0672900637868502,-0.0641787436485996,-0.127263718604962,0.0479356077140281,-0.0324143734028122,-0.0968379189525177,0.137455981218785,0.147952966781939,0.036521639009731,-0.0639159994775681,0.0232612381945126,0.0324290266240259,-0.0187288586169434,0.0781825856417794,0.14938696977865,-0.0439655479938552,0.051178844579156,-0.0579261010569398,0.105900403713802,-0.148526314684159,-0.0603333848118315,-0.0482852978489513,0.144482276559068,0.127393126727003,-0.0343389973262589,0.182248049775863,0.0818654712136708,-0.0924816039015519,0.0973816104120823,-0.135502667403752,0.129714439720696,-0.0457178336835029,-0.0943050255236177,-0.171480904001313,0.0347380372862081,0.111222271835981,-0.0331446175353025,-0.084434361025878,0.0457834322140649,0.111138437892961,-0.0885866459607617,0.0445203682056829,0.0184056913865177,-0.0480780385011378,0.327844903280793,-0.132818037311451
"Malignant_epithelial","P2_2021Mar",-0.000118519222581511,0.00826630938604646,0.012879177872472,0.104193662245076,-0.124394243699804,-0.0916783486934434,0.141640451637635,0.106874203007863,0.00715683678415029,-0.0392709686346898,-0.0383936957204307,-0.0358086608737958,-0.00682643231396901,0.0632322612852238,-0.0721615242274715,-0.139642548812307,-0.0459823729417047,-0.048679091447693,-0.344300818378396,-0.105823692682968,0.0811375582947178,0.00994624257539542,-0.0340198669057504,0.136149510166865,-0.0654904989644647,-0.00301226376338651,0.0449299366938216,0.0230910647387515,0.0175674806059658,-0.080276834284359,0.0306798813833388,0.141505282879207,0.577007744178467,0.155928308683853,-0.106171031454087,-0.210296436408861,0.00545294617152067,-0.0218850996484084,0.110949082064401,0.0509517154500116,0.0546645582739096,0.0866666340538036,-0.0121926196742547,-0.19451387578957,0.0722558710528361,0.0159264446712005,-0.0699196538197537,0.355591053678056,-0.0845354370029448,-0.00700899786286103,-0.00401212163423863,0.0285590470865183,-0.186596834676013,-0.117309100382925,0.0210607130004613,-0.0690039248835049,-0.0697026130631535,0.0851187218685188,0.10494224999832,-0.0746405093414745,-0.0509548894597092,-0.0877353883308107,0.292407845509009,-0.225308500293969,-0.0177146057567228,0.0976138039805589,0.176012544195713,0.00784996888525515,-0.133369490781053,0.0785215682416825,-0.0269133711041891,-0.0576024862064291,0.0425803876446616,-0.109667375396589,-0.0437009269387812,0.079889045045915,-0.00553636149139622,-0.105566556826808,0.0185409491545802,0.0144786137624399,-0.158391139769156,0.141565106465123,-0.211526503925982,0.0666150100984818,-0.0635209147387662,0.119612349790211,0.0633458087154677,0.0234932821518553,-0.0361163645456305,0.070653351169468,-0.0509253454223922,0.174568923241661,0.0502036603273623,0.0681827498221004,-0.0781422715966795,-0.185647098081699,0.0953059126087763,-0.0585617551459971,-0.103580412985566,-0.0386600695567135,0.0629405830069567,0.0648173172114205,-0.0588114480412303,0.0887127971689038,0.0734205615975003,0.0665249445600967,-0.0576093953495687,0.228157518878247,-0.037163288024731,0.00747193643428276,-0.0539452241686842,0.0481449917426517,-0.0441812342881557,-0.048116497463359,0.000697119098601556,0.0568309454384494,0.164211273517789,0.00816390122722713,0.32572483258841,0.21807337527195,-0.0548064698273839,-0.0571017482530097,-0.175872366090776,0.11865260883559,0.017746281599788,-0.142173090543362,-0.16027843280815,0.0807360286834002,0.0370438023816054,-0.0452177777393013,0.0344457379253945,0.14498792119289,0.10931667079531,0.0484690073630709,0.0106632032790381,0.00645948721138459,-0.050233549766146,0.0938768173147929,-0.130922750692455
"Malignant_epithelial","P3_2023Jan",-0.0466107417404858,0.0298837000386131,-0.00338957987287053,-0.00788585758970154,0.0057803380191652,0.00511623399654153,0.0224550669756574,0.0315911659377799,0.0206133565596315,0.0261265024249989,0.00591269640487549,-0.0203519549347934,0.00163351896896212,0.0464122354742929,0.00994937173293712,0.00950845836398768,-0.0218330911269339,-0.0050488901034588,0.0232305877377619,0.0280743411698517,0.0449590953846993,0.00863814597491905,0.0138970296965676,-0.0122443900084264,-0.0186164847875976,0.0454694509425391,-0.0241999252341045,-0.0285362230830325,0.0121132546631826,-0.0121436182077712,-0.0134185500774764,0.00632583209028095,0.071103442184151,0.0124162921770325,0.0333877125407143,0.00767349896387415,0.00908352540497106,0.00613785854668226,0.0324591415721092,0.0538425862326214,-0.0136342710480522,0.00971605650371814,0.017374824348422,0.0245005497226029,-0.0128303261137138,-0.0200521285759987,0.00942260427754296,-0.00105392609307689,-0.0218911682084971,-0.00526377966536669,-0.00744315204400359,0.0260450030117323,0.0643459692341069,-0.00721706611718761,0.0152025296868581,0.0304396791722238,0.0295671746415207,0.0243712209285164,0.014343938683017,-0.01546894578128,0.0322087761329994,-0.00987046343430778,0.0175349821145987,0.00370400660972702,0.0757922577287468,-0.0131407244043758,-0.0129657992512144,0.00583341821724233,0.0134599405652798,-0.027538177756888,0.0117597965267959,0.0256903653611641,-0.014951459846541,0.0174580086034978,-0.00997406596052331,0.0123496287586882,-0.0259403946426078,0.0355067706310519,0.0447886792009032,-0.00564315701185574,0.00457858726784772,-0.00759730220825471,0.0029363087831513,-0.01431851057844,0.0531789404096553,0.0118343396004243,0.00638286902413359,0.0215251507496685,-0.0183770079849041,0.00303246194634319,0.00791495203079407,-0.00814791642373342,0.0115167541408581,0.00174728581668255,-0.00826834237884054,-0.0520546354261417,0.0104704480559618,-0.0334764810576435,-0.00639619046664122,-0.0249996660381468,0.00496406404040736,0.0208678472276639,-0.00602175060805435,0.012632086477273,0.00162241715022854,0.0455890095930606,-0.00757433421693863,0.0483956273762007,0.0101988372150881,-0.0217121485314285,0.0269527733699335,0.00466010507830578,-0.00819880550126268,-0.00430412518992165,-0.0401640666657336,-0.00160509829353906,0.0178878525857387,-0.0348932015352591,0.0332134632079278,-0.0198313606865766,0.0237523167667802,0.026139559128659,-0.0144165620956551,0.0118840342924183,0.00246950949258985,0.00166904280231907,0.00430391634000139,0.0288516234854329,-0.0120679525618255,0.0446049439112337,-0.00375851992116654,0.0228153494426366,-0.0227814548916359,0.00346224689043906,-0.0149910853195007,0.00150647026116822,-0.0164076556818807,0.048292999072241,0.00863165433115383
"M2_Macrophage","P1_2020Oct",0.0650786324791603,0.0503425528982886,0.127670851464899,1.12383662034934,-0.888139825060935,-0.109268995495283,-0.540007301846732,-0.953310398735273,0.149367949537005,0.47351803259867,-0.361858904143011,-0.188691356878934,-0.538501003529484,-0.863302611085911,0.243853772573468,-0.21337502696977,-0.401766963670162,0.625729822985794,-0.378260111955077,-1.10549199536499,0.711821155044799,0.276780987697493,-0.429123385381339,-0.568723756091819,0.432046431562554,0.591923038336376,-0.594104932348292,-0.224305160026025,-0.293097371243972,-0.635250692917642,0.0566755879380701,0.479157386225941,0.443280010871377,0.39732022127891,0.0533228813915136,-0.384930781924074,-0.596658711894576,-0.314034438996856,0.58519238598194,0.396650722688517,0.363985174362625,-0.254562374254781,0.492504802538356,-0.175034144502531,-0.778041768487256,-0.890626177896773,-0.376175795698095,0.0473716589013698,0.208606246573495,-0.345449820398168,0.15350165660707,0.189013457516359,0.142129730598978,-0.17594831831074,0.223297369937932,-0.0109080154862212,-0.996859648764511,1.01596922729525,0.0160414729944391,0.0892598337081424,-0.137381634911194,0.360946434812484,0.300665906406207,0.361686519403386,-0.275356878097386,-0.167657761566302,1.81528506077481,-0.849219693767621,0.6839742729577,1.08342690968746,0.285507350911718,-0.143462494074878,-0.0664952818827195,-0.884452918149965,-0.286121809387367,0.336568688510732,0.302486443002605,0.0505371475935543,0.014608102853456,0.841887627913858,0.069672445972364,-0.882930649158197,1.53368492514408,-0.163930579620157,1.16027325747792,-0.451602323587572,0.197191644092952,-0.027242419826649,-0.580014674432669,-0.17623417522176,0.0547127651754327,0.414846019562033,0.240013389588257,0.374974246491043,0.00514861502730675,0.0830295759428044,-0.0810816231334412,0.548020038406457,-0.00508491978675315,0.280866696857066,-0.504661416527432,-0.310883381333501,0.171107630025886,0.198654297043997,0.295100609360803,0.436205483615972,-0.84196280894898,-0.772842283133428,0.885380284658677,0.656580138210038,-0.370149957029868,0.262817313750591,-0.0643103562941933,-0.314329017963607,-0.204026630015597,-0.246836316701176,-0.0452502553263655,0.676934482240029,0.510681982652609,0.268084654923883,-0.304559085167928,-0.281577212948403,-0.900788349575174,0.25251497424744,-0.654017801942277,0.387130406194799,-0.470507391748538,0.180200313771741,0.192115979663026,0.225845417532813,-0.218121918356213,-0.991208144223687,-0.461347973831938,-0.582894553798011,-0.0243439838319945,-0.114133095941554,-0.648751262000948,-1.25431576764675,0.68459452845573
"NKcell","P1_2020Oct",0.0140810662536802,-0.126648648616564,-0.0858058820128242,-0.0568465199436176,-0.133365792164471,0.100024183869824,0.0823981265093924,0.029693091028071,0.0335925590873153,0.128151249467642,-0.243052694453656,0.199397926997185,0.139316461495584,-0.0810408269761784,-0.203395986250981,-0.148134933512838,-0.0328341919387726,0.0208305974021134,-0.0855437828619235,-0.163985772545737,0.131518163765606,-0.0931120569435842,0.102635016952084,0.140062629439324,-0.0333004764314287,-0.0796653153510639,-0.172257974294319,0.03993311618822,-0.0418410447433064,0.0735117495605272,0.107167591848486,0.0347031991383444,0.309208204531645,-0.0870673624611027,-0.192118738032764,-0.00213240188213841,0.0548295248639816,-0.125015366562468,0.0236364051830324,0.202530635842929,-0.0168516099446951,0.0510885429779264,0.0598891225013308,-0.121934927971727,-0.0661672022252566,-0.177663576544914,0.240886727742114,0.311373579095691,-0.00404448364877444,-0.134004211239017,-0.0118632926291742,0.0929175213971107,0.0668442352757702,0.100448854263531,0.0190606924029679,0.0477153297070155,-0.0313379975883284,0.0347119269116461,0.131074011994478,0.000509595657421279,-0.0340935409779288,-0.114118609867061,0.253274634487044,-0.190562535220027,-0.0224564265981468,-0.0504893429511718,0.0104201528558253,-0.0492721880932015,0.0313984408615265,0.0445797623309344,0.091485823406527,-0.0314500018084111,-0.0881504571832366,-0.00356274453519201,0.0574575760569589,0.169904706048372,0.0769977009743198,-0.0170888954946356,0.0321861381391233,-0.0883407992573345,0.139369042936293,-0.117858043241561,-0.278048210546051,-0.223409958596218,-0.043215942571366,-0.101184695763614,0.108091989830998,-0.0319188990728708,0.035165799603673,0.0109752489276336,-0.0573295851733259,-0.0423746224663684,0.0853206231607979,0.0740972516008895,-0.0281777022734041,0.210321915243822,0.128088765843861,-0.0967253838625642,0.0220380919484295,0.100206637247257,0.00629810622328062,0.128758039333177,0.118558601039233,0.198887689557509,-0.0558466894162443,0.170814492643318,-0.0613313270958509,0.125910960669706,-0.00517680508154116,-0.0479722330802233,0.0618526422174176,-0.00805917088505071,-0.0277659434729919,0.033396843866082,-0.111496723896022,0.209427792343244,0.198384097149936,0.0287451460534025,0.0842228093481675,0.0825247219981362,-0.329309424557076,-0.114353542545782,0.24177633217962,0.00672729343623106,-0.0380719477394978,0.100883010395335,0.077616066817809,0.0963289626766898,-0.0810125571688177,-0.0274554498883384,0.0958419564848886,-0.0701774482233321,-0.092315926490414,0.0442957041495364,0.00730780072705661,-0.0451665724650764,-0.0405288506897434,-0.0692748407800555,0.136309371442201
"NKcell","P2_2021Mar",0.0788667345328716,0.0142926702698264,0.139301496709037,-0.197342508137177,-0.057517273912942,0.113452858010384,-0.0121678892978424,-0.0157181637171373,-0.0887633549142334,0.122355003080687,0.00224901278077134,0.0392213909437293,0.0151092011194042,-0.0568894320641508,-0.0178898079224702,0.0203881691709898,-0.112244797162319,-0.046585296699984,-0.0190850957346834,-0.119854823184278,0.0544773538412027,0.0189556129652039,0.0109358010234091,0.0499298346468286,-0.068717653897772,0.00200269952118293,-0.0503931361486735,0.0919750271750994,-0.0716111527230036,0.00701660123328884,0.0714082632392631,-0.0524721512732949,0.195813208925732,0.0341791620639153,-0.0841465973404635,-0.046255820343155,-0.0752178837814967,-0.0512655496172587,0.104960030158163,0.0601720101046538,0.107839745146074,-0.00357406250152419,-0.00657094395913112,-0.147632581753392,0.0476882697914331,-0.0223402812286909,-0.071012586317858,0.134719061302848,-0.0920863980808712,-0.156792735197954,0.190251218825258,0.0948829820513619,-0.0441983793420777,-0.0645774599016025,0.0099642240558629,0.158698379553908,0.00059101348339188,-0.0235992354634459,0.117431911945753,-0.0661703251454944,0.181334306605154,0.0821306589840004,0.190944458357116,-0.0380637236963398,-0.00592216696216213,0.106576014411055,0.0601789889672695,-0.123094663556038,-0.0298284403980178,0.0859393622313399,-0.0325219833253673,0.0429390889428931,-0.117640843058567,-0.0771992029639126,0.0634697839859261,0.163019245467562,-0.0441082349922799,-0.0211414006043511,0.00779332631115425,-0.0577509307072426,0.099751832103779,0.13481991764914,-0.00241788682935721,-0.0334961805326025,0.00442567434073964,-0.051634970431633,-0.00250945896720532,-0.0518406216678342,-0.107506231186497,0.137014718189599,-0.00811102400175854,0.0321083784260759,-0.173162244775007,-0.0338103499495612,0.00805706245441946,-0.106035945706225,0.225300678181917,-0.0602649891864317,-0.020624382255284,0.135141675620455,-0.093962992810237,0.165614951043214,0.131053521650298,0.0476823755254104,0.0692852035982286,0.0227153986938085,-0.0201319574145448,0.0552202639542918,-0.0376535185840296,-0.0770944210745689,-0.0443088767217758,0.0305251452625674,-0.0117741926314259,-0.0510962455035338,-0.0313954584553694,0.0190204754778148,0.0551671009437622,0.0358612109365426,0.105051378109099,0.10751320607417,-0.0934537147462189,-0.0812059504345283,0.0698741822568664,-0.110711587005003,0.0721587349064084,0.0999037545634592,0.0371879953534749,0.00410020204878432,-0.0830943387241116,0.0437090878058101,-0.0795176596901204,0.18709055457739,0.106260309105001,-0.0189060804725143,0.120929176105558,-0.0258675457916061,-0.00813985383814997,-0.0317698967527177,-0.133654889184307
"NKcell","P3_2023Jan",-0.196496507796207,0.140143402734242,0.0363341222527219,-0.0192531687081289,0.0996501354270407,0.0304999021597943,0.291434907652743,0.1617031181045,0.213982181476115,-0.16972992769963,-0.0920070747892225,-0.19784931491722,-0.0209115714931495,0.0482280968557213,0.0176034319533196,-0.0926462481066724,-0.130234280203321,-0.170577050587348,-0.0560983133075157,-0.00857022664150238,-0.350269227557046,0.0969056721522014,-0.139919078734971,-0.116381066443305,0.150639164342564,0.209081356297561,-0.263460207279952,0.0563745899341136,-0.244671960489368,-0.114425357442077,0.244904636442799,-0.186177452264464,0.167662846200783,0.224922350634411,-0.119964233439282,-0.0295147765600243,-0.0962913268311644,-0.215896666605488,-0.0949582170267369,-0.0120423131975953,0.205373106697329,-0.102721913701866,-0.0208595305995917,0.120851921250179,-0.078350111205596,-0.079916010050729,-0.0370092948525659,0.132287066285725,-0.0981900859031986,-0.163973000026267,-0.0210209067534524,0.0191887454521245,-0.197991568251047,-0.0604000536725556,-0.178875828625245,-0.0454965899405952,0.0583497244891801,0.127441961432173,0.0801768312916867,-0.0554259117654896,0.010634480473676,-0.173248260790553,0.267893444266391,0.151522985732829,0.206446862178447,0.132868310212971,0.0542070640573714,0.0505548237385074,0.126255900120712,0.126896991016391,-0.195346282916725,0.14424833230782,0.0133884159647953,-0.192085553944742,-0.082740237401523,-0.0366982795615646,-0.00082648604494682,0.00754645780107375,-0.0399091381035694,-0.217371003039797,-0.00153289520166959,0.332171557420643,-0.0187251920396094,-0.323373940373207,0.130961633691862,0.019695888677745,0.174072333168765,-0.0583967015755937,0.00354320141173692,-0.253829560479683,-0.155611837552933,-0.0101304349619748,-0.0756062763892055,0.190549575270652,0.0666244211312062,0.123506259777102,0.0926105503882859,-0.130535311697917,-0.0284781078145954,-0.00225714271184082,-0.0730931985377509,0.308636298730463,-0.0250253793301081,0.139606547039701,0.175072768839667,0.0136707358257539,0.0540195557344655,0.0858490817014322,-0.151983386589835,-0.325391797067434,0.091817122722285,0.0498661185590746,-0.103085960553458,-0.110157259435558,0.132488643212066,0.142064057172928,0.0768698757881128,-0.266322094336503,-0.0633559675477811,0.166772475356158,0.238083419541502,0.0596079393005608,0.236652176850006,-0.121545644326572,0.00555356221489252,-0.126332555677321,0.0317363133775492,0.209882981862017,0.0242402107175125,-0.0988633748127561,0.0869476164830024,-0.14524946504251,-0.0059450896508584,0.287549020875191,0.00101890340593946,-0.0546911936658681,-0.135878451827414,-0.0765898784814385,0.0646251671185403
"DendriticCell","P1_2020Oct",-0.150772080324198,0.242175478902329,-0.0332714023714668,-0.657983563838574,0.032789362168782,-0.283241012764426,0.677150148733455,0.335721361599002,-0.0765050681746524,0.236220286455779,-0.911773749357712,-0.144926702647223,-0.558368163748856,-0.334917265693915,-0.0472080090838953,-0.212964298338849,0.333668628196221,-0.0750341420530621,0.252095652711396,-0.597303842276465,0.0951617530211941,-0.225531120477609,0.482256664538717,0.6066476619933,-0.514362580014114,0.166219472444341,-0.0702388037168681,-0.259823090715923,0.276304826622368,0.0987739787251339,0.31402977079552,0.369220197574682,0.61491097390791,0.0107549526164003,-0.100568497904826,-0.164432064995284,1.17327552119561,0.538374285871153,-0.346335583429563,0.229726758632638,-0.00272523412324655,-0.570940277555643,-0.387384737256301,-0.360644483484579,0.10535073085973,-0.591432326180451,0.195782135078098,0.203461904807087,0.0553828005053449,-0.167464160398853,0.739584195900468,0.117806975011278,0.0961377896508203,0.775253667134861,-0.252282371097924,0.0169849892972072,0.101055938907301,0.14213232256799,0.0523842499920741,-0.269411904676492,-0.976447243237931,-0.0727195057248233,0.0909770459645004,-0.495588703343925,-0.414048266845833,0.315949981243592,0.556405712875489,-0.0941448721361459,0.534785863034849,-0.746748931225029,0.352079690591278,-0.0533918933384458,0.105302751002744,-0.0359172106334528,-0.325524953665242,-0.0525556464163162,0.443068953518324,0.280044086984714,-0.166906393340186,0.165134702334124,0.0279250192306322,-0.308075692966218,0.055596173994714,0.101454991650604,0.803503532022545,-0.14961167113327,0.560075052185767,-0.333400128859084,-0.570759719844541,0.534362077135212,0.102287052919822,0.205207923317861,-0.158525553471127,0.292565068519021,-0.0946838519400528,0.463321972086092,-0.162142687347346,-0.527664188955,-0.387681437679961,0.363966279624225,-0.234757944764928,0.170183864603451,-0.344873527428096,-0.547985371440682,0.510498787869558,0.480383651791487,0.100374244252644,0.646779398727643,0.0505758418305338,-0.218327512248972,0.184810513141576,-0.0301969436167387,-0.457106741528353,0.396891583375862,0.810725742218424,0.453729734643449,-0.100829766080346,-0.319502163967415,-0.0609933288435023,-0.0297660749150493,-0.224501678263356,-0.793908659187995,-0.194388733637931,0.242778126038755,-0.330669516082406,-0.0635860754951061,0.417052402520179,0.464146703766827,-0.43807695302545,-0.0882699167009136,0.340102329073075,0.173533861558897,-0.541411964169813,0.289579729362784,-0.0549396545201281,-0.4714503396594,0.146621721554019,0.266410260970348,-0.422252499545643
"DendriticCell","P3_2023Jan",0.129713581125981,-0.26178102212192,0.119319809555507,-0.144154848040563,-0.116172270906014,0.00414815570853589,0.312450717286167,-0.14602585635772,-0.252298399725075,0.133040325610022,-0.209780955533934,0.0573757225518132,-0.093313976448344,-0.0691570102008768,0.150440095339253,-0.189400153679133,-0.161892226945245,-0.0541937659958178,0.0798044466972278,-0.0539969496281728,0.0405651699537991,0.0972842620026645,0.31479372029637,0.299388411307154,-0.0494826719937741,0.0268676152566546,-0.173646069753819,0.0808521162441978,-0.0993909822632713,-0.105798271056976,0.227332852991115,0.0253038894382621,0.147991614914598,0.0802276523124379,0.0289721167124527,-0.0719287247372413,0.0165370745810106,-0.0990869655505655,-0.0124733046222725,-0.0954857743172784,-0.00201667750483235,-0.0543011046017445,-0.0234524806292193,-0.0763479757594583,-0.0664288180872476,-0.203523303405664,0.0199867367062461,0.352723961294151,-0.144628986055806,-0.281819447998212,0.0612950566710675,-0.159900828826252,-0.00777534216574304,-0.124217298785672,0.112796787243783,0.0125624812847062,-0.0110767304337905,0.149422781581414,-0.168124087958784,0.0572280462722165,-0.0729142640530274,-0.0463097576235506,0.356005182953737,-0.108691623104333,0.185525850443475,0.25734158768928,0.0394215852684574,-0.164730605452213,-0.0501325217157015,0.0398798795853466,0.072073793623379,-0.0950167042060265,-0.0237692523188114,0.0291975898420706,-0.0836307711898494,-0.098684780281637,-0.219082081575916,0.003102313365718,0.092902339474884,-0.137717808078438,0.258851985562526,-0.0101559025122684,0.234264575215679,-0.251816306759345,0.147093364924537,0.0733972460606187,-0.101535151045451,-0.139250193394134,0.0308399218957009,0.0239241470994106,0.00219462203138731,0.0855604321109792,0.0218054659356209,0.216079749191598,0.0376501281240507,-0.02741226303827,-0.0030968538999158,-0.106024680428975,-0.0378013817994727,0.0303183339295741,-0.00545973663599101,0.263141137949624,-0.268241892316131,0.0169463647943647,0.213826341057225,0.139637789918389,-0.021981154858009,0.0256664627414239,0.0640778022224671,0.167742334673767,0.127154842180145,0.159330021381186,-0.0671616390199756,0.203148261878751,0.0480100416840039,-0.0470845338012705,0.248001715405268,-0.116866733571412,0.0847831642306699,0.0779152454208693,-0.0418412861594896,0.00157648778859952,-0.239391459506204,-0.19621144778809,-0.220256149060698,0.202471386604676,0.0151319627490938,0.0490440723183786,0.0530432373191878,0.0310979362041215,0.0502013836362814,0.0663814104050928,-0.0559003033985019,0.12540765601968,0.0475649737865381,-0.211541508686663,0.000555682371726078,-0.0179764384754062,-0.163163038807465
"CD8Tcell","P1_2020Oct",0.0258575651646734,-0.0334433010254624,0.0248309083857425,-0.0438294123172735,-0.0888780888952842,0.00949221721146358,0.0218499335232471,-0.0859823669922122,0.12330369844678,0.070925359905296,-0.0507218076037788,0.0858864621620937,0.00374759921590257,-0.0267223326229533,-0.122546098307048,-0.119373234816638,-0.0426433552676481,-0.171106516377844,0.334289468540159,0.0213219541100683,0.0643692726574039,0.157183489509773,0.0356051388167906,0.221663465687478,-0.24498669034913,-0.0726016063235879,-0.0748304874839299,0.150431670019304,-0.00869082339662265,-0.010213240101738,0.200220868394219,0.102692299458796,0.198455853610699,0.457939193945359,-0.059881425553365,-0.303715093303543,-0.211319777013513,0.033760168973793,-0.199343427912885,0.230491270925722,0.20491263407629,-0.0781283708957001,0.0666743340905445,0.122446297563937,0.0346466968718525,-0.183339115158138,0.0901792767642229,0.405509353934862,-0.0399479433925921,-0.100193881424902,0.00106612370152235,-0.111810285956291,-0.126927596529092,-0.258766829946288,0.0938991470540455,-0.0224490220195641,0.0485728663882665,-0.0126462240438315,-0.0668419709075425,-0.192934349689238,0.156790074244243,-0.0744935133495848,0.142125143707945,-0.332544169070037,-0.0176800239097555,0.176221521439962,0.140334132526964,-0.0688197145249923,-0.131952946805924,0.103117653288945,0.0599813293565224,0.0340953265900634,-0.0474753809517386,-0.134036570323099,-0.217980391450527,0.270955243488012,0.057331813793297,0.0213518803072832,-0.022987005704837,-0.0572258171229538,-0.0932040379398606,-0.0732778094407357,-0.0888864357095655,-0.102345085312543,-0.278576958974167,-0.0540636449432046,-0.165058077845603,0.426527276169958,-0.00644637863186552,-0.217165419352938,0.00102612651368185,0.0961253277710207,0.0936862568668756,0.282465098904413,0.0852612175650461,0.0375722221634909,0.0286963449523465,0.00465227131939681,0.0531310685084626,0.0865450048314439,-0.220441251968371,0.196584418409866,-0.0378603599445859,0.102373336068029,-0.0338316982237346,-0.0343600094029455,-0.262860310016357,-0.240848001592652,-0.0119204903717791,-0.203065024877656,0.0269656471846868,0.0456640999735344,-0.181910757567364,0.0675785554083013,0.000527928393570217,0.0907748737893895,0.0467310023751854,0.0417775439697642,0.283785946857044,0.198440415895878,-0.207621606097947,0.264309417172955,-0.160480583235373,0.0215567081715563,-0.0343231143013068,0.118225695158104,-0.202788490462833,0.00848637292958893,0.13939378445763,0.0721065483664397,0.100009554709923,0.293536038510856,0.0729307897757454,-0.156018842515844,0.125302937667675,-0.00463615158777883,0.00275631187339242,0.011176107780858,0.16626857971779
"CD8Tcell","P2_2021Mar",0.0352657594351359,-0.163733092718647,-0.0591751511273387,-0.0789022377585069,-0.142579586282329,-0.130246169764904,0.11254074719294,-0.546370509369665,-0.388060829693361,0.191320296129388,-0.334204586420764,-0.226855724960689,-0.143488838338277,0.343471432720884,0.0895208008009141,-0.0713240816565524,-0.171559823100778,-0.0230274481872273,-0.112429540205031,-0.0512345874923435,-0.179534479034133,0.0758637461332004,0.310842489286915,-0.0194609312587994,-0.0466145398009842,0.0721769317835336,0.211918224044697,-0.013773863148102,0.00715498561780848,-0.100544825546292,0.00570714188716267,-0.302921772247037,0.819806288381557,0.368478614920994,-0.122203803023783,0.0988782026391805,-0.385972829008786,0.0679974075120276,-0.0555750830282255,-0.280395883681336,0.0497139230032791,0.231152336968977,-0.0922506201583361,0.0531188243075769,-0.0493740811756667,0.0406222119799724,0.106987445423867,0.332977360224965,0.0954196361127356,-0.239728357138108,0.128465779973653,0.516632589484225,-0.165256650859315,0.0456189497687493,0.214730489944404,0.1542842347886,-0.180711702718524,-0.0214560366856553,0.035841127309812,-0.270177887088749,-0.033514821230105,0.0738747738733509,0.401568820175128,0.0555797669046639,-0.380838196086893,0.444250003465359,-0.181529495945255,0.156606349387614,-0.131534300454429,0.304420740463979,-0.326817501736582,-0.179300582763758,-0.379999268450138,-0.264265075306705,0.268201813649347,0.413637894351083,-0.040029498972569,0.172172384349929,-0.108691862355348,0.436591105636384,-0.19116359814183,-0.262982779537759,-0.0400220947509991,0.187137349356552,0.426053988594667,0.450234486668009,-0.171409095364037,0.0580947408297978,0.322602017563879,-0.425254300442837,-0.0453219749689158,-0.173674556700604,-0.382520592632585,-0.371547249112162,-0.437234827818726,-0.19324338652711,0.71495317574419,-0.0429284074233863,-0.283303125269213,0.256251882138654,0.0792543728104525,0.466553250385806,-0.229653445976488,0.168261084504984,-0.144692424726491,-0.147707374571691,-0.200285876953469,0.949596188105628,-0.0988410248601726,-0.379723948400378,-0.197815191707249,0.224208527997607,-0.0321296668594143,0.0207076506490943,0.250539433681777,-0.106393866577451,0.284803251811565,0.247227408689678,0.20727146659583,-0.00660019941390811,-0.011744134386353,-0.352060108245096,-0.642971933227416,-0.0200556186818782,-0.239891097053112,-0.00979667665113786,-0.138573821592259,0.0926414638469472,-0.676598442884963,-0.0154814679146153,0.473707827612676,-0.167672199627147,0.588098866696651,0.511437903308233,0.245202701565826,-0.593406847544343,0.0737492456762122,-0.0864598019519444,-0.112101227729593
"CD8Tcell","P3_2023Jan",0.0820383559396667,-0.0688578591377386,-0.00457720608046712,-0.0615946951878118,-0.0413865589688384,-0.0579487529321598,0.0412078277436646,-0.210608219981571,-0.0110498492616839,-0.0342727733809162,0.111081343034842,0.0347010392054898,-0.0804634329709679,-0.0668635804902917,-0.190245558208711,-0.118612295477387,-0.138221203197508,0.0125024674674803,0.110593703561291,-0.0589716061229459,-0.0335328101915297,0.174091176442345,-0.0267922548919973,0.139734331726418,-0.00943494038761736,0.137831753678101,-0.149680210059879,0.065681180886511,-0.048557107816483,0.101373979328577,0.157886273326008,-0.0824160020324193,0.125955362606508,0.109668006222247,-0.0588771539910477,-0.042502846039386,0.0990211690316081,-0.0643298461948379,-0.0175428869615663,0.0292532940152952,0.0767324744012631,0.169141667473988,0.0183184013921311,-0.0960947899523551,0.0564134938804341,-0.144712365955987,-0.139886165410021,0.131765074532068,-0.104360275378651,-0.0890786333461834,-0.00482471360981823,0.0364146156399045,-0.0236474440032471,0.0387539255570103,-0.0420740828023249,0.128206867681486,0.0994202987292598,-0.00360983284322276,0.109993510198877,-0.180272435602538,0.110258195714854,-0.0281193227424216,0.282704301457069,-0.0645298034755603,0.0599567906608431,0.0789283973747,0.0222369741250222,-0.0521926959584102,-0.0538688686915731,0.0627071801987344,0.0934241652587681,0.0656775453372851,0.00120282584948759,-0.0929673105559125,-0.00438366933287066,0.145399919979173,0.0198592553836148,-0.0998385994862904,0.071912877989036,0.0244635534902421,-0.00057232144606282,-0.0481891875835065,-0.0740326593747191,-0.0722202912616667,0.116138194058742,0.0651063395990201,-0.125836297283451,0.0585845069834856,0.06354479269351,0.0390040046407569,0.0112143456267146,-0.0815302815474814,0.00687235526947977,0.0934293639105287,-0.0675127351892089,-0.0575030644441302,0.148299286892695,-0.11299588512291,-0.078898078798087,0.027712979565178,-0.0855602310425146,0.12355813346306,-0.0288293193861211,0.0493233760310637,0.0305057694309679,0.0127718534318108,0.0790350489065382,0.163298090132849,-0.110627347260041,-0.180408569306581,0.00421036290975036,0.000452068461052297,-0.0263479161864443,0.0879116966735327,0.0153730163503192,0.0853728082760914,0.0179587681244484,0.0529126940019503,0.226283508467045,-0.0119959526095625,-0.00257187835719289,-0.00930811308428018,-0.0960788559963504,0.0339283050579134,0.000176912839555567,0.0735526911078018,-0.0621864770047851,-0.0593852067999932,-0.00980905125887129,0.0420509259824829,0.219847322964779,0.01409203450592,-0.015926874127673,-0.00290497679608045,-0.00223707262979108,-0.0658677948690701,-0.0827870892377621,-0.0439760985716021,-0.0636897149759787
"MSC_Fibroblast","P1_2020Oct",-0.0763292232585136,-0.149386186152723,-0.00923337283381724,0.0430605030618586,-0.0728382814799695,0.0553782159060821,0.0766727276322636,-0.0766320358520238,-0.135620769225431,-0.013761570624624,0.0186967023483078,-0.0920356381546242,-0.0735028215397433,-0.00112462457903245,-0.0562187437649937,0.00719659092445239,-0.000677549363914411,0.0477895580239706,-0.00933381221778152,0.0321452592835089,0.117155345628198,0.0359622335335778,0.145971363135947,0.0239596227856947,-0.0676710388873201,0.205085110968021,0.0166994276948284,0.00459631884437736,0.00452548153348644,0.0416662059576326,-0.0420430115594502,0.0393324804878174,0.196784506176341,0.0304264757913853,0.0551275408121046,0.0463230817203568,0.0504419865056731,0.0605110225428914,-0.0207150880342305,0.0541067311691287,0.0947785739102644,-0.0147174546200511,-0.0582108669882909,-0.183957342134508,-0.189124237400363,-0.103141269627359,-0.0598487116114509,0.268446717694822,-0.0841656077948988,-0.0667770387612443,-0.0428646491324362,0.0698898425437623,0.1328779260765,-0.0136032103632485,0.167597562379506,0.004381837833854,0.0636059956583121,-0.105233950606811,-0.0495764545177192,0.158354489979775,0.0431755568523778,0.0668953440338457,0.174850504383923,-0.154991954079188,0.138869886731257,0.0458104129564449,0.0618616429299109,-0.0152505467292915,-0.0128551983578489,0.0548021210490714,0.149017752298022,-0.13709752298841,0.0536389915317645,-0.0487259361093826,-0.0786936022468087,-0.011897479707746,-0.0173992395006302,0.0617656887331363,-3.49540755566403e-05,-0.0682118357013939,0.0192404246883802,-0.0101173696359615,-0.0846759047851069,-0.0879978960700455,0.0694455042700554,0.0589257634417432,-0.0286039970393534,0.0822014882402518,0.103035868716309,-0.0336204108756954,-0.0460781507547209,0.0636879775873886,0.0464297491936062,-0.0450448874137039,0.132563252090214,-0.0485434523696124,-0.0317005154026068,0.0237631756357568,-0.00792442086603296,-0.0328305571469104,0.0568396656514067,0.00687162134795667,-0.0483920222638164,-0.0206244986590712,0.0631632725969171,0.166483849572477,0.0653388147174274,0.111770404498829,-0.00734953659596017,0.00504567374415733,0.0653444416446072,0.0278600219554552,-0.0832353343358963,-0.0776679315929297,-0.0369396484349042,-0.0871810192314327,0.0364525601556776,-0.0178454542825683,0.0911073249049794,0.0562606511847596,-0.0136746423595873,0.0808556071554925,-0.0310151088464579,-0.0881963399258866,-0.078828137891173,-0.0682176778230866,0.0104344227345274,-0.0771501351387963,0.055200987975076,0.0270462444448735,-0.0157585836519055,-0.00163158753055164,-0.0588120632713691,0.0949849263202182,-0.0576064438130822,-0.0884019069873483,0.105318371749628,0.0631692676320177,-0.0530277124385265
"MSC_Fibroblast","P3_2023Jan",-0.0861800802503943,-0.0104478941575536,-0.0373922809803564,0.0121235635301534,-0.0170655005112098,-0.0907356031983354,0.205017134433036,-0.0338194539452551,-0.0512327756109973,0.0331572469605104,-0.0488036095954408,0.00929376316344139,0.094460568499523,-0.0617093434029923,0.06468954594997,0.0310606542641258,-0.104188216703769,0.107561850290367,0.0182493337365909,0.00941309997183322,0.131386431050888,-0.00812174482606867,0.0583057922583983,-0.0427312856917722,-0.114313077999594,0.053383867593256,-0.0855660675033758,0.027686445704643,-0.0334630215571302,0.0452884413036646,-0.00907799152645582,-0.0453043418519144,0.108476733909695,-0.0341140521448964,-0.0123470291663796,-0.0810440476814452,0.0897443001224817,-0.0591854201238973,0.0653794441383688,-0.0412597388287735,0.0107231587791249,0.0545184847352071,0.128250273424955,-0.00767879441316848,0.0689454877898559,-0.0125732301790604,0.0353228897318859,0.102552341238067,0.0606851088919885,-0.0188417635830378,-0.0549868960289598,0.0381167794004151,0.0829137488754263,0.024423515188877,0.052108895491984,0.0277332565340369,-0.0101306193574009,-0.132108181403567,0.0791618233303489,-0.0629817132708847,0.0272388991240367,0.0964779582825012,0.173757569098845,-0.0928413198219655,0.0764711204277161,0.117023661480134,-0.0300525474822198,-0.0570123208083013,0.0775697141645285,0.0240631105133406,-0.0489740346778453,0.112906656661934,-0.032021431452115,0.00929280151486305,-0.0204480510299827,0.0544985662259866,0.0603971953669481,0.12205845327555,-0.00411879591043512,-0.0513785322444291,0.0565707148633564,-0.0334187317925995,0.00447984102766851,-0.0742123277932573,0.00341960442627687,-0.106865526336793,0.00934461848949554,-0.0533303775916191,0.0509299314299015,-0.0729594461022242,0.0469539346737318,0.0802859323175424,-0.000401096247309087,-0.0168401938456615,0.0773167325222923,-0.0517757642721048,0.053427564771015,-0.0946329379108595,-0.00665808097468037,-0.0584784543941776,0.0605575687832756,0.0173716202870075,-0.0210583239090725,-0.0366825616892074,0.0223466177463855,0.126065826516675,0.104283404448783,0.0768593193361838,-0.0870927950880875,0.091181422163732,0.143616345383304,0.0489798503098064,-0.0783226847092395,0.0343774617777743,-0.0675061954519537,0.0284961312753266,-0.00597371420248457,0.100972414293045,0.0181018898615829,-0.0202500905095393,-0.0746163344091351,0.01934126594197,-0.00415300029051389,-0.0895757654205883,0.0393417269595296,0.0582168963586165,-0.0176697008550309,-0.0438586833621988,0.0618523120509103,0.0751274059311326,0.0147787786083153,0.0532379307515259,-0.0227033440774282,0.0261336264973126,0.0837368069967774,-0.0922123777021127,-0.0353552662985994,0.0235166160905725,0.0182633667886199
"Myofibroblast","P1_2020Oct",0.127559193426353,0.12679972468068,-1.13955871102256,-0.873018364748936,0.799015778840351,-0.77386800524885,-0.490221702207806,0.490526274593652,-0.617159142811293,-0.599435906130364,-0.622769452366783,0.705201107563229,-0.541088385842677,-0.719307264162216,-0.347485637601316,-0.633456815636546,-0.0789966281324352,0.056661192975533,-0.895563548027237,-0.812988824743097,-0.21450673589729,0.488685818170394,0.116927060606718,0.378521320805741,-1.19245227698498,0.404968031730546,-0.580345221790478,1.04868563737944,0.914016546800409,-0.619467421931424,-0.547161580293506,0.1432216843298,0.999743812598762,-0.115910594276759,0.409538196331946,1.10049633926583,-0.527760844783424,-0.406006040239803,0.211299790513397,0.559398341847364,-0.235159899236127,-1.45820351845992,-0.191733723685466,0.252553614054944,-0.788406434359179,0.109938044899376,-0.544073774674104,0.651346007087568,-0.424662340919425,-0.259876916019643,-0.112688215160197,-0.797910828835399,-0.557790545546328,-1.05392341379192,0.462362200458243,1.72280400694563,-0.979178702408256,0.159051943561526,-0.454733233597168,0.376031371745499,2.7067969220981,0.085046627701478,-0.515552912145948,0.516674244131896,-0.310786353040518,-0.00394595454534042,-1.27382236825863,1.61332397190866,-1.01710199937704,-1.30416957402511,0.773042340242853,0.925708034963493,-0.0931116618433316,-2.11410413080504,0.147924710584503,0.816380302481427,1.40481505354164,0.256222712816791,-0.2605114683313,0.0155244567519101,-0.348031374560008,0.316155428505923,1.10985415553822,-0.2297100008433,-0.532043668708349,0.275953350879907,0.00335705357416887,0.402822144801815,0.689177314280505,0.388019711947951,0.0370902560928742,-0.122460144588859,0.812455798112756,0.931057519973693,0.263764498594417,-0.477442036589785,0.710573258306642,-0.328325401401285,-0.198715460594589,-0.714137041890529,0.0991999480472342,-0.360778606732692,0.629710880903632,0.665134538398755,0.0485080385665732,-0.361704596132492,-0.56554164504349,-0.534293436297259,-0.233240826927508,-0.52823174999063,0.171971331194959,1.09678817257136,0.372509757081279,0.0702371895290388,-0.636305726336184,-0.0880766969759568,0.35128179270025,0.694052630777818,0.377468248292292,0.512444594058878,1.14433090972673,-0.551576964650343,0.409833680968036,0.686771874321742,-0.546443778614068,0.275673407709843,0.0244329373506949,0.0343850140554481,0.219281940271924,-0.138382506705952,1.07538220934473,0.968211306587384,0.43554550716821,-0.352263592848843,-0.37374132210645,-0.55038552095307,0.544362114294109,2.56960511502988,-0.256886902481136
"Myofibroblast","P2_2021Mar",-0.301807202024785,-0.341111930044201,0.0124688275472305,0.147297997080213,0.00307390937224216,0.180813480488665,0.105831365705122,-0.0952579256951171,-0.280908794050279,-0.0943142359386377,-0.12662453159249,-0.0308520981823711,0.0515919152556594,-0.10094305657627,-0.193363198457919,-0.324566186155544,0.0843609574772993,0.0190413827001286,0.296132670890487,0.00524896985309583,0.149141336362501,0.00880120522119136,0.0841200821717323,0.0480000622302129,-0.14845455102883,0.222000061650076,0.0901251484430158,0.0427687596475734,0.239273952352067,-0.0139022008916262,0.177320379521359,0.33076408383006,0.0266415540873323,0.21976134221789,-0.0474966482244872,0.0493505345686478,-0.126522557246837,0.0350463216562515,0.307231893028418,-0.234776674723265,-0.0492226703290567,-0.236548712977611,0.208986890136797,-0.27202116933137,-0.00870256864031448,-0.167999969734448,0.0209782526687614,0.477839905318776,-0.439694930806767,-0.0695309826263746,0.00399752912309415,0.12257855897142,0.0166261336698984,0.129224915426464,-0.0794973381550143,-0.331105319235176,0.179549498592176,0.0261626137836182,-0.0526274860550567,0.0893672013217348,0.123544721084451,0.0452251286590873,0.384966181497356,-0.220678946687236,0.125467990555362,0.0882518000473005,-0.0719573849558094,-0.0824302155922541,0.252049094773931,0.234285360256191,-0.1227257563766,0.0866281628347892,-0.00230315191561653,-0.0234346600673875,0.182319727289377,0.025239348495608,0.16055274955225,0.109588139701888,-0.024458958915399,0.15132204723423,0.0462885877778497,-0.195904655468311,-0.00256667105708327,-0.175378740071309,0.0805786921037801,-0.125254507998931,-0.148554245627883,0.0887542372724348,-0.0652547010767365,0.0347830073900093,0.198713409381377,0.110926425286075,0.00859653466071362,-0.095478143893496,0.202491132931765,-0.127499665197112,-0.132688875575013,-0.177114186922125,-0.133795297629088,0.0523903273016661,-0.309374695614545,0.156726804688572,0.047375844627582,0.105752343660865,0.237580536421701,0.10090499144269,0.0400450524247546,0.178870611961092,-0.0240744823381517,0.0748707878041951,-0.0603725964188598,0.0825524641859114,-0.0759011459612009,-0.0427702432400376,-0.1631916460715,0.250365147113762,-0.0813009898209152,-0.142029145777897,0.292748345757716,-0.0506630598030766,0.262927399198157,0.144692695136125,0.0755620021833232,-0.287299908633382,-0.359142300348544,0.088391798991265,0.0560151533341358,-0.0990397185693817,0.0920686702110797,-0.122526130421406,0.238728122771068,0.0172358272456413,-0.137730858448635,-0.252102477700054,0.0869214022715888,-0.112718724339803,0.0261084119393746,0.0524775642611753,-0.251903455294594
"Endothelial","P1_2020Oct",-0.0737338176889601,-0.0955245940149206,-0.066195807883774,-0.040229931114919,-0.0328595441771345,0.0578815614308726,0.0426571903166181,-0.0199069710974258,-0.121850932837868,0.0639476749888056,0.0330585634639542,0.0306497393594331,0.109224014733028,-0.0151771175100363,-0.0138733082274262,0.0149248244228716,0.0458956424173021,0.0508079373507336,-0.00569336895492887,-0.0590304411616154,0.0644154002921468,0.000522872631902178,-0.0485348145891825,0.0748214427817257,-0.0101053735671493,0.137772970438253,0.0409680154260896,-0.0681582967834349,-0.0491723739042372,-0.0356674916568193,0.0967050207232442,0.0546640999997052,0.245217291889744,0.0465610043401903,-0.0758122950945404,0.105213010658657,0.0314570709189925,-0.0295882347568968,0.0691602988189179,0.0279257813828337,-0.0253264888901631,0.0143071520534443,0.0115933306802996,-0.0306548656575047,-0.00656008134330001,-0.0906693046892797,-0.0844949085454518,0.164119932238141,-0.0207915496968886,0.00619740186741212,-0.10965738210673,0.0633347731671606,0.124926315494103,0.0506873005262116,-0.0201269869928151,-0.0422822829447098,0.118098454010947,-0.000646600026561452,0.060676168335779,-0.01658290151708,0.0228340594711669,0.0185019459206269,0.281135438141788,0.0251369873040921,0.104752441317626,0.152804660616608,-0.00495688284338592,-0.091178000815765,-0.0774609087157968,0.12414558738911,0.0382181270915177,-0.0434887740460752,-0.0259422127652426,0.019794029778721,-0.0750878602568767,0.0201685146277214,-0.0408491878759715,-0.032243337989799,-0.102228762736353,-0.0480923874058607,0.0706069665926482,-0.0181836029468663,-0.00774903265994941,-0.0267166340231531,0.0145547974611434,0.0526210712993731,-0.00125790585849926,0.0222310620324686,0.00944300616630813,-0.126746889548659,-0.0364719133564943,0.0244915972487004,0.0870548162475177,0.0546892536246758,0.167111163388836,0.0129069270104667,0.0254389135998372,0.0178202667766986,-0.0106333711712019,0.0945221252238178,-0.0216007309688567,0.0989765991411929,0.0689723791299449,0.0219677279574324,-0.0109821307115129,0.122576289987919,0.00145906623686926,0.0573681656516024,0.0956729375856173,0.00458229078898983,0.0804171655353084,0.058832059003077,-0.0820217808860922,0.0228772876672136,0.0391508998851163,0.0747658452936587,-0.0413709907067145,-0.0803940638029034,0.0570087781278108,-0.0450255660388035,-0.0732300342294762,-0.0274294516968207,-0.018111359376352,0.00635530559598472,0.0100935644210177,0.000928169206353135,-0.0609294576515307,-0.0124647774191461,0.0215709709675048,-0.0252278088562451,0.031007715850008,-0.0182836469638224,-0.0235618169928637,0.00767982859077616,-0.0608368999527542,-0.0616411656264887,-0.0159604327270027,0.0325929919175567,-0.0441373397510349
"Malignant_mesothelial","P1_2020Oct",0.0574180379799374,-0.124451756822239,0.00329448498269281,-0.00686393457451419,-0.113219519868925,-0.0420489683520253,0.149367772452211,-0.0117257175980284,0.0118765223651264,0.1125808319738,-0.152254628022539,-0.0624130129776145,-0.175230690050632,-0.0320781297710825,0.0654613423067247,-0.159256528798881,-0.0386035042191247,0.0344719306914347,0.131359489316321,-0.133702814540119,0.0502277032919183,0.00746951556121044,-0.0488941868395118,0.0878980421367873,0.00887085027763929,0.224737235519496,-0.215214177851232,0.0247945961830025,-0.00418553248251596,0.0914837244663892,0.198545102068672,-0.0968382226660962,0.31928977697126,0.0881351055277631,-0.227489613297975,-0.0186046892845103,-0.115180575453508,0.036890639301179,-0.00993062299969556,0.0201741771298308,0.00507863308100878,0.00986943702406038,0.0333364295946284,-0.12544181657857,-0.0425681815974676,-0.0316922322518649,0.115530994998916,0.236592286920061,0.184554524992907,0.104440839707307,0.0186027065912832,0.104766628892145,0.0148203006668843,0.0101922896880179,0.026723045746858,0.0701120867946893,0.0233289428170534,0.105356119829855,-0.13402707205964,0.137128303521839,0.137312772657974,-0.044991032803221,0.340063805711091,-0.103255103932369,0.163732652602204,0.0692218652815453,0.0212471753053637,0.0634496169807812,-0.0466486219340914,0.213449698254584,-0.0403874979204343,-0.0259068240852344,0.0280699664062449,-0.231993293987899,-0.117666480089641,0.0141894653602289,0.0209619713686144,0.0915060430197968,-0.22299729655819,-0.170237250715154,0.0681076900285439,-0.0313039768443996,0.112508210286496,-0.167139089653309,0.044949216642741,0.143557225228899,0.0368297173285119,0.171677528273688,-0.0212588288934906,-0.0972881637457702,-0.00832765996637352,-0.10867021485049,0.0407293307722593,-0.0389168061943988,0.163924504744794,0.0125567271037138,-0.0487229008706027,-0.087784333602475,0.145413350426949,-0.017392871006968,0.0366341389379823,0.0169755966057995,-0.221123738111268,-0.00581488662727007,-0.0325629322287433,-0.0470762927480307,0.044173133987266,0.0844405868933804,0.0740409328656877,-0.193706733062676,-0.0168493408587381,0.143508985767297,-0.0412908577774602,0.0833787623562144,0.00316400870742107,-0.0453093725635072,0.108614644841144,-0.138411991734485,-0.0542882467470978,0.0933539004385693,0.132599926515025,0.042730145506155,0.0181783800745541,-0.205878113561115,-0.0444583158176724,-0.0496086813889412,0.0235003016273169,0.157957174721666,0.0403713376053865,-0.182362353119628,0.00319339675407024,-0.0262529743350969,-0.00442631481405648,0.100589933423414,-0.00765793937071872,0.114592274766592,0.164227835926637,0.107321003573118,0.0156878666573816
